timestamp,user_id,neck_angle,shoulder_angle,spine_angle,status,pcs,alert,sedentary_time
2026-10-04 22:26:17,default_user,171.59,90.25,175.09,Good Posture,100.0,0,0
2026-10-04 22:26:17,default_user,170.81,91.49,175.36,Good Posture,100.0,0,1
2026-10-04 22:26:18,default_user,170.91,91.46,175.56,Good Posture,100.0,0,2
2026-10-04 22:26:19,default_user,171.63,91.22,176.02,Good Posture,100.0,0,3
2026-10-04 22:26:20,default_user,172.42,91.21,176.32,Good Posture,100.0,0,4
2026-10-04 22:26:22,default_user,173.69,90.72,177.16,Good Posture,100.0,0,5
2026-10-04 22:26:23,default_user,173.07,90.95,177.14,Good Posture,100.0,0,6
2026-10-04 22:26:24,default_user,173.18,91.19,176.89,Good Posture,100.0,0,7
2026-10-04 22:26:25,default_user,170.45,90.98,175.71,Good Posture,100.0,0,8
2026-10-04 22:26:26,default_user,169.05,90.98,174.53,Good Posture,100.0,0,9
2026-10-04 22:26:27,default_user,168.43,91.49,173.74,Good Posture,100.0,0,10
2026-10-04 22:26:28,default_user,167.98,90.99,173.63,Good Posture,100.0,0,11
2026-10-04 22:26:29,default_user,167.76,90.76,173.96,Good Posture,100.0,0,12
2026-10-04 22:26:30,default_user,165.68,91.0,173.22,Good Posture,100.0,0,13
2026-10-04 22:26:31,default_user,165.68,91.01,173.63,Good Posture,100.0,0,14
2026-10-04 22:26:32,default_user,168.52,90.73,174.29,Good Posture,99.99,0,15
2026-10-04 22:26:33,default_user,172.15,90.72,175.11,Good Posture,99.95,0,16
2026-10-04 22:26:34,default_user,172.81,90.94,175.64,Good Posture,99.95,0,17
2026-10-04 22:26:35,default_user,172.5,90.7,176.11,Good Posture,99.94,0,18
2026-10-04 22:26:36,default_user,172.29,90.99,175.39,Good Posture,99.63,0,19
2026-10-04 22:26:37,default_user,164.29,91.49,171.91,Good Posture,99.99,0,20
2026-10-04 22:26:38,default_user,163.02,91.0,170.95,Good Posture,99.71,0,21
2026-10-04 22:26:39,default_user,162.49,91.24,170.37,Good Posture,99.59,0,22
2026-10-04 22:26:40,default_user,160.84,91.48,170.7,Good Posture,99.18,0,23
2026-10-04 22:26:41,default_user,164.69,91.43,171.66,Good Posture,99.27,0,24
2026-10-04 22:26:42,default_user,166.1,90.96,172.97,Good Posture,99.63,0,25
2026-10-04 22:26:43,default_user,167.41,90.96,173.47,Good Posture,99.68,0,26
2026-10-04 22:26:44,default_user,167.41,90.48,173.05,Good Posture,99.8,0,27
2026-10-04 22:26:45,default_user,160.23,92.46,169.52,Good Posture,99.58,0,28
2026-10-04 22:26:46,default_user,166.57,95.71,170.94,Good Posture,99.21,0,29
2026-10-04 22:26:47,default_user,166.76,95.91,170.34,Good Posture,98.95,0,30
2026-10-04 22:26:48,default_user,163.11,94.81,169.22,Good Posture,99.01,0,31
2026-10-04 22:26:49,default_user,165.61,92.64,172.16,Good Posture,98.54,0,32
2026-10-04 22:26:50,default_user,167.78,91.94,171.58,Good Posture,99.72,0,33
2026-10-04 22:26:51,default_user,166.11,92.42,170.88,Good Posture,99.63,0,34
2026-10-04 22:26:52,default_user,163.97,91.71,171.23,Good Posture,99.59,0,35
2026-10-04 22:26:53,default_user,166.83,90.99,171.91,Good Posture,99.58,0,36
2026-10-04 22:26:54,default_user,165.23,91.49,170.63,Good Posture,99.55,0,37
2026-10-04 22:26:55,default_user,164.22,91.47,169.98,Good Posture,99.6,0,38
2026-10-04 22:26:56,default_user,164.59,91.71,170.54,Good Posture,99.76,0,39
2026-10-04 22:26:57,default_user,164.85,91.44,170.66,Good Posture,99.81,0,40
2026-10-04 22:26:58,default_user,166.29,92.18,171.22,Good Posture,99.84,0,41
2026-10-04 22:26:59,default_user,166.29,91.66,171.7,Good Posture,99.69,0,42
2026-10-04 22:27:00,default_user,165.96,91.91,171.13,Good Posture,99.62,0,43
2026-10-04 22:27:01,default_user,166.68,91.66,171.63,Good Posture,99.65,0,44
2026-10-04 22:27:02,default_user,166.56,92.16,171.56,Good Posture,99.62,0,45
2026-10-04 22:27:03,default_user,166.86,91.73,172.66,Good Posture,99.61,0,46
2026-10-04 22:27:04,default_user,164.41,91.53,171.29,Good Posture,99.82,0,47
2026-10-04 22:27:05,default_user,166.31,91.24,171.69,Good Posture,99.75,0,48
2026-10-04 22:27:06,default_user,166.68,91.49,171.58,Good Posture,99.8,0,49
2026-10-04 22:27:07,default_user,168.22,91.75,173.26,Good Posture,99.84,0,50
2026-10-04 22:27:08,default_user,166.11,91.99,172.49,Good Posture,99.96,0,51
2026-10-04 22:27:09,default_user,168.19,90.5,173.88,Good Posture,99.85,0,52
2026-10-04 22:27:10,default_user,171.63,90.98,175.95,Good Posture,99.98,0,53
2026-10-04 22:27:11,default_user,178.64,89.48,178.52,Good Posture,97.15,0,54
2026-10-04 22:27:12,default_user,177.97,90.75,178.28,Good Posture,92.14,0,55
2026-10-04 22:27:13,default_user,178.29,90.76,178.28,Good Posture,89.92,0,56
2026-10-04 22:27:14,default_user,176.57,90.26,179.12,Good Posture,83.28,0,57
2026-10-04 22:27:15,default_user,178.68,90.49,179.72,Good Posture,99.79,0,58
2026-10-04 22:27:16,default_user,178.74,90.49,179.73,Good Posture,99.65,0,59
2026-10-04 22:27:17,default_user,176.44,90.74,178.87,Good Posture,98.83,0,60
2026-10-04 22:27:18,default_user,176.48,91.23,178.33,Good Posture,99.36,0,62
2026-10-04 22:27:19,default_user,174.78,91.23,177.73,Good Posture,93.2,0,63
2026-10-04 22:27:20,default_user,173.03,91.48,176.65,Good Posture,91.05,0,64
2026-10-04 22:27:21,default_user,172.11,90.5,176.24,Good Posture,88.71,0,65
2026-10-04 22:27:22,default_user,173.0,90.26,175.96,Good Posture,87.63,0,66
2026-10-04 22:27:23,default_user,169.05,90.26,175.72,Good Posture,85.38,0,67
2026-10-04 22:27:25,default_user,167.01,90.51,174.23,Good Posture,95.45,0,68
2026-10-04 22:27:26,default_user,159.7,90.52,170.24,Good Posture,99.13,0,69
2026-10-04 22:27:27,default_user,165.52,89.74,175.06,Good Posture,96.25,0,70
2026-10-04 22:27:28,default_user,168.98,90.52,175.41,Good Posture,90.65,0,71
2026-10-04 22:27:29,default_user,171.25,90.0,175.44,Good Posture,87.95,0,72
2026-10-04 22:27:30,default_user,169.79,89.75,174.64,Good Posture,92.06,0,73
2026-10-04 22:27:31,default_user,178.6,88.99,179.41,Good Posture,98.29,0,74
2026-10-04 22:27:32,default_user,176.73,89.23,177.71,Good Posture,99.47,0,75
2026-10-04 22:27:33,default_user,175.21,89.75,178.03,Good Posture,99.49,0,76
2026-10-04 22:27:34,default_user,175.55,90.0,177.75,Good Posture,99.91,0,77
2026-10-04 22:27:35,default_user,178.68,90.49,178.59,Good Posture,99.85,0,78
2026-10-04 22:27:36,default_user,168.02,90.25,175.85,Good Posture,99.91,0,79
2026-10-04 22:27:37,default_user,166.48,89.49,175.44,Good Posture,99.41,0,80
2026-10-04 22:27:38,default_user,166.98,88.97,175.31,Good Posture,100.0,0,81
2026-10-04 22:27:39,default_user,169.34,89.49,175.39,Good Posture,95.18,0,82
2026-10-04 22:27:40,default_user,168.83,89.74,175.76,Good Posture,99.82,0,83
2026-10-04 22:27:41,default_user,172.83,90.31,179.69,Good Posture,90.6,0,84
2026-10-04 22:27:42,default_user,160.89,91.97,171.78,Good Posture,92.96,0,85
2026-10-04 22:27:43,default_user,165.26,92.27,174.75,Good Posture,99.35,0,86
2026-10-04 22:27:44,default_user,176.66,90.55,179.39,Good Posture,99.97,0,87
2026-10-04 22:27:45,default_user,177.33,91.09,178.43,Good Posture,99.86,0,88
2026-10-04 22:27:46,default_user,179.3,88.87,175.81,Good Posture,99.89,0,89
2026-10-04 22:27:47,default_user,178.19,88.88,175.41,Good Posture,99.62,0,90
2026-10-04 22:27:48,default_user,178.93,88.85,177.29,Good Posture,99.79,0,91
2026-10-04 22:27:49,default_user,180.0,89.71,177.23,Good Posture,99.68,0,92
2026-10-04 22:27:50,default_user,178.92,89.71,178.19,Good Posture,99.75,0,93
2026-10-04 22:27:51,default_user,178.54,89.71,179.09,Good Posture,99.77,0,94
2026-10-04 22:27:52,default_user,173.86,90.0,179.1,Good Posture,99.92,0,95
2026-10-04 22:27:53,default_user,167.13,90.0,173.16,Good Posture,99.8,0,96
2026-10-04 22:27:54,default_user,170.71,91.26,175.4,Good Posture,99.88,0,97
2026-10-04 22:27:55,default_user,172.2,91.01,176.0,Good Posture,99.91,0,98
2026-10-04 22:27:56,default_user,171.15,91.29,176.55,Good Posture,99.83,0,99
2026-10-04 22:27:57,default_user,170.82,91.28,175.94,Good Posture,99.96,0,100
2026-10-04 22:27:58,default_user,169.76,91.01,175.36,Good Posture,99.91,0,101
2026-10-04 22:27:59,default_user,170.03,90.76,175.91,Good Posture,99.98,0,102
2026-10-04 22:28:00,default_user,165.88,90.75,174.2,Good Posture,99.93,0,103
2026-10-04 22:28:01,default_user,168.0,90.5,175.29,Good Posture,99.94,0,104
2026-10-04 22:28:02,default_user,169.95,90.5,175.81,Good Posture,99.89,0,105
2026-10-04 22:28:03,default_user,170.42,91.02,175.83,Good Posture,97.92,0,106
2026-10-04 22:28:04,default_user,170.98,90.51,175.96,Good Posture,87.69,0,107
2026-10-04 22:28:05,default_user,170.87,90.52,175.67,Good Posture,87.64,0,108
2026-10-04 22:28:06,default_user,171.72,90.26,176.5,Good Posture,87.71,0,109
2026-10-04 22:28:07,default_user,170.83,90.26,176.39,Good Posture,85.87,0,110
2026-10-04 22:28:08,default_user,173.0,90.26,177.63,Good Posture,84.32,0,111
2026-10-04 22:28:09,default_user,177.61,86.99,179.08,Good Posture,94.38,0,112
2026-10-04 22:28:10,default_user,176.47,87.48,178.77,Good Posture,81.71,0,113
2026-10-04 22:28:11,default_user,177.65,86.96,179.69,Good Posture,85.11,0,114
2026-10-04 22:28:12,default_user,178.03,86.63,179.08,Good Posture,96.01,0,115
2026-10-04 22:28:13,default_user,167.66,86.74,174.75,Good Posture,95.63,0,116
2026-10-04 22:28:14,default_user,160.64,85.33,167.51,Good Posture,96.88,0,117
2026-10-04 22:28:15,default_user,166.57,86.3,171.74,Good Posture,90.83,0,118
2026-10-04 22:28:16,default_user,162.81,86.34,169.7,Good Posture,96.71,0,119
2026-10-04 22:28:17,default_user,162.5,85.45,169.14,Good Posture,91.11,0,120
2026-10-04 22:28:18,default_user,173.19,86.0,174.78,Good Posture,94.3,0,121
2026-10-04 22:28:19,default_user,179.22,84.63,178.46,Good Posture,79.31,0,123
2026-10-04 22:28:20,default_user,176.26,83.27,175.67,Good Posture,94.31,0,124
2026-10-04 22:28:21,default_user,174.94,85.39,179.11,Good Posture,99.31,0,125
2026-10-04 22:28:22,default_user,175.27,85.6,178.28,Good Posture,99.45,0,126
2026-10-04 22:28:23,default_user,175.29,88.01,180.0,Good Posture,99.6,0,127
2026-10-04 22:28:24,default_user,171.81,88.36,179.49,Good Posture,99.58,0,128
2026-10-04 22:28:25,default_user,174.11,87.62,179.66,Good Posture,99.64,0,129
2026-10-04 22:28:26,default_user,170.41,87.87,177.81,Good Posture,99.65,0,130
2026-10-04 22:28:27,default_user,170.54,87.11,177.99,Good Posture,99.43,0,131
2026-10-04 22:28:29,default_user,171.98,87.49,178.68,Good Posture,99.54,0,132
2026-10-04 22:28:30,default_user,178.38,89.42,178.34,Good Posture,99.61,0,133
2026-10-04 22:28:31,default_user,178.63,87.01,176.25,Good Posture,99.54,0,134
2026-10-04 22:28:32,default_user,176.2,86.25,177.81,Good Posture,99.36,0,135
2026-10-04 22:28:33,default_user,173.45,87.54,179.38,Good Posture,99.89,0,136
2026-10-04 22:28:34,default_user,173.15,87.69,178.96,Good Posture,99.98,0,137
2026-10-04 22:28:35,default_user,171.79,87.48,179.57,Good Posture,99.93,0,138
2026-10-04 22:28:36,default_user,170.72,87.69,179.57,Good Posture,99.99,0,139
2026-10-04 22:28:37,default_user,170.78,84.98,179.2,Good Posture,99.71,0,140
2026-10-04 22:28:38,default_user,169.82,88.55,177.2,Good Posture,99.59,0,141
2026-10-04 22:28:39,default_user,170.26,86.13,177.33,Good Posture,99.51,0,142
2026-10-04 22:28:40,default_user,170.92,84.03,178.68,Good Posture,99.04,0,143
2026-10-04 22:28:41,default_user,169.96,85.01,177.83,Good Posture,98.57,0,144
2026-10-04 22:28:42,default_user,177.19,84.15,176.33,Good Posture,99.11,0,145
2026-10-04 22:28:43,default_user,173.51,85.24,178.96,Good Posture,99.34,0,146
2026-10-04 22:28:44,default_user,171.52,85.87,179.58,Good Posture,99.39,0,147
2026-10-04 22:28:45,default_user,171.91,84.65,178.94,Good Posture,99.54,0,148
2026-10-04 22:28:46,default_user,175.08,87.02,178.62,Good Posture,99.43,0,149
2026-10-04 22:28:47,default_user,176.14,87.95,178.23,Good Posture,99.89,0,150
2026-10-04 22:28:48,default_user,175.52,85.03,173.08,Good Posture,99.33,0,151
2026-10-04 22:28:49,default_user,176.6,87.57,173.94,Good Posture,99.62,0,152
2026-10-04 22:28:50,default_user,173.48,86.86,172.9,Good Posture,99.96,0,153
2026-10-04 22:28:51,default_user,179.26,87.56,176.4,Good Posture,99.59,0,154
2026-10-04 22:28:52,default_user,178.8,88.11,175.63,Good Posture,99.63,0,155
2026-10-04 22:28:53,default_user,179.76,86.98,176.04,Good Posture,99.51,0,156
2026-10-04 22:28:54,default_user,178.22,86.4,175.47,Good Posture,99.52,0,157
2026-10-04 22:28:55,default_user,176.5,88.25,179.0,Good Posture,99.62,0,158
2026-10-04 22:28:56,default_user,175.62,88.05,179.21,Good Posture,99.71,0,159
2026-10-04 22:28:57,default_user,175.97,89.02,179.16,Good Posture,99.87,0,160
2026-10-04 22:28:58,default_user,176.11,87.43,179.8,Good Posture,99.71,0,161
2026-10-04 22:28:59,default_user,176.55,85.78,178.36,Good Posture,99.7,0,162
2026-10-04 22:29:00,default_user,176.75,86.34,177.94,Good Posture,99.82,0,163
2026-10-04 22:29:01,default_user,177.49,86.86,178.75,Good Posture,99.77,0,164
2026-10-04 22:29:02,default_user,177.95,87.26,178.13,Good Posture,99.66,0,165
2026-10-04 22:29:03,default_user,174.42,85.56,178.75,Good Posture,99.5,0,166
2026-10-04 22:29:04,default_user,173.63,87.3,180.0,Good Posture,99.73,0,167
2026-10-04 22:29:05,default_user,174.85,87.09,180.0,Good Posture,99.85,0,168
2026-10-04 22:29:06,default_user,176.51,88.83,179.4,Good Posture,99.78,0,169
2026-10-04 22:29:07,default_user,175.31,87.66,179.41,Good Posture,99.85,0,170
2026-10-04 22:29:08,default_user,174.7,86.51,180.0,Good Posture,99.72,0,171
2026-10-04 22:29:09,default_user,176.22,88.39,178.8,Good Posture,99.69,0,172
2026-10-04 22:29:10,default_user,175.24,87.28,179.81,Good Posture,99.53,0,173
2026-10-04 22:29:11,default_user,176.01,86.87,179.8,Good Posture,99.63,0,174
2026-10-04 22:29:12,default_user,179.76,86.59,177.76,Good Posture,99.55,0,175
2026-10-04 22:29:13,default_user,177.36,87.09,179.4,Good Posture,99.37,0,176
2026-10-04 22:29:14,default_user,179.75,87.59,178.32,Good Posture,99.6,0,177
2026-10-04 22:29:15,default_user,177.51,87.07,177.26,Good Posture,99.56,0,178
2026-10-04 22:29:16,default_user,179.77,84.74,177.48,Good Posture,99.09,0,179
2026-10-04 22:29:17,default_user,178.87,84.08,176.39,Good Posture,98.69,0,181
2026-10-04 22:29:18,default_user,179.79,86.7,178.53,Good Posture,98.89,0,182
2026-10-04 22:29:19,default_user,174.71,84.89,174.31,Good Posture,99.23,0,183
2026-10-04 22:29:20,default_user,178.08,84.34,175.25,Good Posture,98.96,0,184
2026-10-04 22:29:21,default_user,172.55,85.21,173.76,Good Posture,98.98,0,185
2026-10-04 22:29:23,default_user,178.12,85.62,176.94,Good Posture,99.37,0,186
2026-10-04 22:29:24,default_user,179.61,87.19,176.95,Good Posture,99.14,0,187
2026-10-04 22:29:25,default_user,170.57,83.55,174.06,Good Posture,99.08,0,188
2026-10-04 22:29:26,default_user,174.12,85.94,173.95,Good Posture,98.88,0,189
2026-10-04 22:29:27,default_user,176.63,85.04,175.14,Good Posture,99.3,0,190
2026-10-04 22:29:28,default_user,177.86,86.02,175.38,Good Posture,99.37,0,191
2026-10-04 22:29:29,default_user,178.17,86.66,177.21,Good Posture,99.41,0,192
2026-10-04 22:29:30,default_user,179.54,86.63,177.17,Good Posture,99.14,0,193
2026-10-04 22:29:31,default_user,179.31,86.3,176.27,Good Posture,99.02,0,194
2026-10-04 22:29:32,default_user,180.0,86.28,177.0,Good Posture,98.92,0,195
2026-10-04 22:29:33,default_user,178.08,84.13,175.22,Good Posture,98.87,0,196
2026-10-04 22:29:34,default_user,180.0,86.2,176.53,Good Posture,98.93,0,197
2026-10-04 22:29:35,default_user,179.32,87.25,177.57,Good Posture,99.46,0,198
2026-10-04 22:29:36,default_user,177.9,86.17,175.13,Good Posture,99.56,0,199
2026-10-04 22:29:37,default_user,176.78,86.38,174.67,Good Posture,99.45,0,200
2026-10-04 22:29:38,default_user,178.2,86.29,175.48,Good Posture,99.47,0,201
2026-10-04 22:29:39,default_user,176.57,86.28,175.0,Good Posture,99.53,0,202
2026-10-04 22:29:40,default_user,175.91,85.28,174.49,Good Posture,99.49,0,203
2026-10-04 22:29:41,default_user,176.65,85.62,175.02,Good Posture,99.39,0,204
2026-10-04 22:29:42,default_user,178.4,85.4,175.66,Good Posture,99.25,0,205
2026-10-04 22:29:43,default_user,177.59,84.74,177.48,Good Posture,98.94,0,206
2026-10-04 22:29:44,default_user,174.87,84.35,179.03,Good Posture,98.83,0,207
2026-10-04 22:29:45,default_user,174.1,84.09,179.63,Good Posture,98.93,0,208
2026-10-04 22:29:46,default_user,171.53,85.79,179.82,Good Posture,99.18,0,209
2026-10-04 22:29:50,default_user,174.39,86.76,179.39,Good Posture,99.44,0,213
2026-10-04 22:29:51,default_user,170.6,86.74,176.53,Good Posture,99.6,0,214
2026-10-04 22:29:52,default_user,173.39,87.05,178.07,Good Posture,99.37,0,215
2026-10-04 22:29:53,default_user,178.83,85.7,176.74,Good Posture,99.39,0,216
2026-10-04 22:29:54,default_user,176.1,84.97,179.65,Good Posture,99.07,0,217
2026-10-04 22:29:55,default_user,175.79,86.7,178.95,Good Posture,99.41,0,218
2026-10-04 22:29:56,default_user,175.46,86.28,179.64,Good Posture,99.27,0,219
2026-10-04 22:29:57,default_user,170.19,86.54,178.02,Good Posture,99.47,0,220
2026-10-04 22:29:58,default_user,172.42,86.81,179.04,Good Posture,99.38,0,221
2026-10-04 22:29:59,default_user,174.47,87.83,179.82,Good Posture,99.54,0,222
2026-10-04 22:30:00,default_user,178.83,85.27,177.47,Good Posture,99.67,0,223
2026-10-04 22:30:01,default_user,176.66,84.84,177.88,Good Posture,99.07,0,224
2026-10-04 22:30:02,default_user,176.21,85.27,178.69,Good Posture,99.0,0,225
2026-10-04 22:30:03,default_user,177.72,85.33,177.98,Good Posture,99.14,0,226
2026-10-04 22:30:04,default_user,176.95,85.05,178.31,Good Posture,99.2,0,227
2026-10-04 22:30:05,default_user,174.07,82.67,179.48,Good Posture,98.65,0,228
2026-10-04 22:30:06,default_user,174.57,85.56,179.15,Good Posture,98.77,0,229
2026-10-04 22:30:07,default_user,172.78,86.71,179.32,Good Posture,99.23,0,230
2026-10-04 22:30:08,default_user,174.21,86.76,180.0,Good Posture,99.34,0,231
2026-10-04 22:30:09,default_user,172.67,87.89,179.12,Good Posture,99.46,0,232
2026-10-04 22:30:10,default_user,178.8,87.54,179.3,Good Posture,99.65,0,233
2026-10-04 22:30:11,default_user,176.2,86.32,179.52,Good Posture,99.27,0,234
2026-10-04 22:30:12,default_user,177.18,85.12,179.21,Good Posture,99.13,0,235
2026-10-04 22:30:13,default_user,170.57,85.48,176.55,Good Posture,98.9,0,236
2026-10-04 22:30:14,default_user,164.73,87.9,173.55,Good Posture,99.28,0,237
2026-10-04 22:30:15,default_user,159.3,89.15,170.9,Good Posture,99.07,0,238
2026-10-04 22:30:16,default_user,174.75,84.93,178.75,Good Posture,98.97,0,239
2026-10-04 22:30:17,default_user,177.17,85.04,178.54,Good Posture,98.97,0,240
2026-10-04 22:30:18,default_user,179.35,84.2,175.93,Good Posture,98.96,0,241
2026-10-04 22:30:19,default_user,179.35,85.34,177.13,Good Posture,98.45,0,242
2026-10-04 22:30:20,default_user,179.19,86.15,177.92,Good Posture,99.33,0,243
2026-10-04 22:30:21,default_user,179.81,86.0,176.79,Good Posture,99.13,0,244
2026-10-04 22:30:22,default_user,175.37,85.59,179.83,Good Posture,99.18,0,245
2026-10-04 22:30:23,default_user,173.32,87.29,178.64,Good Posture,99.53,0,246
2026-10-04 22:30:24,default_user,174.22,87.42,178.85,Good Posture,99.7,0,247
2026-10-04 22:30:25,default_user,173.07,87.02,179.15,Good Posture,99.64,0,248
2026-10-04 22:30:26,default_user,173.94,85.72,179.83,Good Posture,99.39,0,249
2026-10-04 22:30:27,default_user,169.21,85.98,178.14,Good Posture,99.16,0,250
2026-10-04 22:30:28,default_user,168.22,88.03,176.46,Good Posture,99.55,0,251
2026-10-04 22:30:29,default_user,169.95,86.68,177.95,Good Posture,99.39,0,253
2026-10-04 22:30:30,default_user,171.02,86.73,178.79,Good Posture,99.59,0,254
2026-10-04 22:30:31,default_user,174.48,87.23,179.48,Good Posture,99.69,0,255
2026-10-04 22:30:32,default_user,169.86,88.2,178.62,Good Posture,99.47,0,256
2026-10-04 22:30:33,default_user,171.61,87.05,179.83,Good Posture,99.83,0,257
2026-10-04 22:30:35,default_user,172.1,85.05,179.83,Good Posture,99.58,0,258
2026-10-04 22:30:36,default_user,169.49,85.6,180.0,Good Posture,99.3,0,259
2026-10-04 22:30:37,default_user,170.11,85.98,179.83,Good Posture,99.53,0,260
2026-10-04 22:30:38,default_user,177.64,84.1,178.8,Good Posture,99.24,0,261
2026-10-04 22:30:39,default_user,179.37,84.91,176.62,Good Posture,98.75,0,262
2026-10-04 22:30:40,default_user,179.57,86.12,176.77,Good Posture,98.6,0,263
2026-10-04 22:30:41,default_user,179.8,83.37,176.62,Good Posture,98.37,0,264
2026-10-04 22:30:42,default_user,180.0,82.83,176.76,Good Posture,98.06,0,265
2026-10-04 22:30:43,default_user,175.83,83.66,174.29,Good Posture,98.57,0,266
2026-10-04 22:30:44,default_user,173.1,84.69,179.62,Good Posture,99.09,0,267
2026-10-04 22:30:45,default_user,178.36,84.29,175.56,Good Posture,98.44,0,268
2026-10-04 22:30:46,default_user,175.91,85.54,178.77,Good Posture,99.42,0,269
2026-10-04 22:30:47,default_user,178.7,84.66,176.08,Good Posture,99.18,0,270
2026-10-04 22:30:48,default_user,179.34,88.0,176.19,Good Posture,99.46,0,271
2026-10-04 22:30:49,default_user,177.49,85.97,175.53,Good Posture,99.86,0,272
2026-10-04 22:30:50,default_user,179.38,86.83,176.25,Good Posture,99.53,0,273
2026-10-04 22:30:51,default_user,177.56,86.94,175.43,Good Posture,99.6,0,274
2026-10-04 22:30:52,default_user,178.3,86.45,175.34,Good Posture,99.59,0,275
2026-10-04 22:30:53,default_user,175.96,85.02,173.79,Good Posture,99.41,0,276
2026-10-04 22:30:54,default_user,177.54,86.49,175.27,Good Posture,99.49,0,277
2026-10-04 22:30:55,default_user,177.18,86.5,175.38,Good Posture,99.67,0,278
2026-10-04 22:30:56,default_user,168.99,84.45,178.86,Good Posture,98.93,0,279
2026-10-04 22:30:57,default_user,153.27,82.97,174.47,Good Posture,98.8,0,280
2026-10-04 22:30:58,default_user,158.77,84.25,176.01,Good Posture,98.98,0,281
2026-10-04 22:30:59,default_user,166.68,85.63,177.73,Good Posture,99.39,0,282
2026-10-04 22:31:00,default_user,174.86,85.36,177.41,Good Posture,99.18,0,283
2026-10-04 22:31:01,default_user,175.72,82.83,175.87,Good Posture,98.9,0,284
2026-10-04 22:31:02,default_user,170.25,84.93,178.69,Good Posture,99.12,0,285
2026-10-04 22:31:03,default_user,170.25,87.04,179.36,Good Posture,99.52,0,286
2026-10-04 22:31:04,default_user,171.48,86.8,179.12,Good Posture,99.65,0,287
2026-10-04 22:31:05,default_user,173.73,86.57,178.88,Good Posture,99.55,0,288
2026-10-04 22:31:06,default_user,169.01,86.38,178.42,Good Posture,99.65,0,289
2026-10-04 22:31:07,default_user,170.48,87.57,178.63,Good Posture,99.87,0,290
2026-10-04 22:31:08,default_user,172.41,85.11,179.76,Good Posture,99.66,0,291
2026-10-04 22:31:09,default_user,174.42,85.06,179.32,Good Posture,99.34,0,292
2026-10-04 22:31:10,default_user,169.94,85.79,178.22,Good Posture,99.44,0,293
2026-10-04 22:31:11,default_user,174.75,85.63,179.78,Good Posture,99.43,0,294
2026-10-04 22:31:12,default_user,173.69,86.25,180.0,Good Posture,99.39,0,295
2026-10-04 22:31:13,default_user,177.0,86.8,178.49,Good Posture,99.63,0,296
2026-10-04 22:31:14,default_user,178.45,84.66,177.32,Good Posture,99.3,0,297
2026-10-04 22:31:15,default_user,176.42,84.5,175.75,Good Posture,98.75,0,298
2026-10-04 22:31:16,default_user,174.89,86.48,174.75,Good Posture,99.53,0,299
2026-10-04 22:31:17,default_user,178.52,84.35,176.01,Good Posture,99.19,0,300
2026-10-04 22:31:18,default_user,177.08,83.36,177.4,Good Posture,98.87,0,301
2026-10-04 22:31:19,default_user,175.65,84.52,178.21,Good Posture,98.58,0,302
2026-10-04 22:31:20,default_user,178.03,84.58,175.93,Good Posture,98.83,0,303
2026-10-04 22:31:21,default_user,179.38,86.19,176.45,Good Posture,98.98,0,304
2026-10-04 22:31:22,default_user,178.64,82.43,174.71,Good Posture,98.07,0,305
2026-10-04 22:31:23,default_user,176.39,83.68,174.04,Good Posture,98.23,0,306
2026-10-04 22:31:24,default_user,164.78,88.62,179.75,Good Posture,99.25,0,307
2026-10-04 22:31:25,default_user,158.2,85.42,175.81,Good Posture,98.76,0,308
2026-10-04 22:31:26,default_user,109.94,88.38,154.53,Good Posture,98.86,0,310
2026-10-04 22:31:27,default_user,168.11,85.52,173.95,Good Posture,82.0,0,311
2026-10-04 22:31:28,default_user,173.26,83.84,174.2,Good Posture,98.95,0,312
2026-10-04 22:31:29,default_user,178.85,86.0,175.97,Good Posture,98.74,0,313
2026-10-04 22:31:30,default_user,170.06,83.45,173.03,Good Posture,99.0,0,314
2026-10-04 22:31:31,default_user,180.0,83.51,176.37,Good Posture,98.47,0,315
2026-10-04 22:31:33,default_user,178.65,83.09,176.2,Good Posture,98.54,0,316
2026-10-04 22:31:34,default_user,178.82,82.87,177.83,Good Posture,98.32,0,317
2026-10-04 22:31:35,default_user,177.7,85.35,177.73,Good Posture,98.51,0,318
2026-10-04 22:31:36,default_user,179.08,85.35,176.2,Good Posture,99.11,0,319
2026-10-04 22:31:37,default_user,177.61,82.92,175.25,Good Posture,98.13,0,320
2026-10-04 22:31:38,default_user,177.94,83.92,175.43,Good Posture,98.36,0,321
2026-10-04 22:31:39,default_user,180.0,83.4,176.13,Good Posture,98.78,0,322
2026-10-04 22:31:40,default_user,179.72,83.7,177.34,Good Posture,98.17,0,323
2026-10-04 22:31:41,default_user,177.94,82.42,175.0,Good Posture,98.14,0,324
2026-10-04 22:31:42,default_user,179.1,84.23,175.87,Good Posture,97.96,0,325
2026-10-04 22:31:43,default_user,177.99,84.04,175.34,Good Posture,98.27,0,326
2026-10-04 22:31:44,default_user,178.5,85.57,176.49,Good Posture,98.85,0,327
2026-10-04 22:31:45,default_user,178.4,83.23,175.35,Good Posture,98.33,0,328
2026-10-04 22:31:46,default_user,177.54,82.2,175.45,Good Posture,98.34,0,329
2026-10-04 22:31:47,default_user,175.7,81.81,176.1,Good Posture,97.74,0,330
2026-10-04 22:31:48,default_user,179.39,83.16,175.62,Good Posture,97.85,0,331
2026-10-04 22:31:49,default_user,179.4,84.02,175.43,Good Posture,98.45,0,332
2026-10-04 22:31:50,default_user,178.0,84.31,174.69,Good Posture,98.35,0,333
2026-10-04 22:31:51,default_user,179.44,84.05,174.94,Good Posture,98.51,0,334
2026-10-04 22:31:52,default_user,179.78,87.49,176.39,Good Posture,99.02,0,335
2026-10-04 22:31:53,default_user,172.87,89.22,174.4,Good Posture,99.77,0,336
2026-10-04 22:31:54,default_user,169.78,88.33,175.99,Good Posture,99.61,0,337
2026-10-04 22:31:55,default_user,176.59,83.58,175.95,Good Posture,98.73,0,338
2026-10-04 22:31:56,default_user,179.81,83.88,177.0,Good Posture,98.46,0,339
2026-10-04 22:31:57,default_user,175.63,84.14,179.83,Good Posture,98.57,0,340
2026-10-04 22:31:58,default_user,175.67,86.25,179.66,Good Posture,99.22,0,341
2026-10-04 22:31:59,default_user,179.81,86.85,177.46,Good Posture,99.34,0,342
2026-10-04 22:32:00,default_user,175.0,87.7,179.29,Good Posture,99.85,0,343
2026-10-04 22:32:01,default_user,177.57,86.05,177.69,Good Posture,99.39,0,344
2026-10-04 22:32:02,default_user,179.42,85.22,176.04,Good Posture,99.46,0,345
2026-10-04 22:32:03,default_user,177.98,85.89,176.6,Good Posture,98.98,0,346
2026-10-04 22:32:04,default_user,178.54,87.29,176.39,Good Posture,99.79,0,347
2026-10-04 22:32:05,default_user,177.0,86.9,175.13,Good Posture,99.86,0,348
2026-10-04 22:32:06,default_user,178.4,86.14,175.81,Good Posture,99.2,0,349
2026-10-04 22:32:07,default_user,179.56,84.77,176.09,Good Posture,99.0,0,350
2026-10-04 22:32:08,default_user,179.32,85.01,176.04,Good Posture,98.86,0,351
2026-10-04 22:32:09,default_user,178.11,85.73,177.13,Good Posture,99.3,0,352
2026-10-04 22:32:10,default_user,179.54,85.21,176.38,Good Posture,98.96,0,353
2026-10-04 22:32:11,default_user,178.4,85.82,176.98,Good Posture,99.07,0,354
2026-10-04 22:32:12,default_user,179.54,87.81,177.38,Good Posture,99.28,0,355
2026-10-04 22:32:13,default_user,177.9,87.09,178.3,Good Posture,99.39,0,356
2026-10-04 22:32:14,default_user,178.37,86.37,178.12,Good Posture,99.27,0,357
2026-10-04 22:32:15,default_user,179.05,86.7,177.12,Good Posture,99.29,0,358
2026-10-04 22:32:16,default_user,178.11,87.43,177.74,Good Posture,99.4,0,359
2026-10-04 22:32:17,default_user,177.08,86.42,178.09,Good Posture,99.38,0,360
2026-10-04 22:32:18,default_user,175.78,87.41,179.25,Good Posture,99.39,0,361
2026-10-04 22:32:19,default_user,171.94,88.1,178.62,Good Posture,99.47,0,362
2026-10-04 22:32:20,default_user,170.98,87.41,179.1,Good Posture,99.75,0,363
2026-10-04 22:32:21,default_user,171.74,87.06,179.63,Good Posture,99.62,0,365
2026-10-04 22:32:22,default_user,172.07,87.17,179.05,Good Posture,99.83,0,366
2026-10-04 22:32:23,default_user,173.79,86.27,179.44,Good Posture,99.7,0,367
2026-10-04 22:32:24,default_user,174.16,87.35,179.64,Good Posture,99.61,0,368
2026-10-04 22:32:25,default_user,173.34,89.81,177.75,Good Posture,99.7,0,369
2026-10-04 22:32:26,default_user,171.98,90.73,177.43,Good Posture,99.71,0,370
2026-10-04 22:32:27,default_user,171.51,90.9,176.98,Good Posture,99.73,0,371
2026-10-04 22:32:29,default_user,170.03,91.25,175.77,Good Posture,99.64,0,372
2026-10-04 22:32:30,default_user,168.84,90.0,174.99,Good Posture,99.58,0,373
2026-10-04 22:32:31,default_user,169.82,89.27,175.57,Good Posture,99.62,0,374
2026-10-04 22:32:32,default_user,168.19,89.82,175.21,Good Posture,99.76,0,375
2026-10-04 22:32:33,default_user,168.12,90.0,175.25,Good Posture,99.56,0,376
2026-10-04 22:32:34,default_user,170.34,89.63,176.4,Good Posture,99.68,0,377
2026-10-04 22:32:35,default_user,169.2,90.0,176.26,Good Posture,99.55,0,378
2026-10-04 22:32:36,default_user,174.41,84.42,179.39,Good Posture,99.58,0,379
2026-10-04 22:32:37,default_user,175.6,82.18,175.39,Good Posture,98.03,0,380
2026-10-04 22:32:38,default_user,174.61,84.29,176.29,Good Posture,98.65,0,381
2026-10-04 22:32:39,default_user,179.77,84.82,178.29,Good Posture,98.75,0,382
2026-10-04 22:32:40,default_user,177.55,85.07,176.56,Good Posture,98.63,0,383
2026-10-04 22:32:41,default_user,177.38,84.51,176.41,Good Posture,99.0,0,384
2026-10-04 22:32:42,default_user,177.73,83.21,175.24,Good Posture,98.62,0,385
2026-10-04 22:32:43,default_user,178.15,84.31,175.91,Good Posture,98.71,0,386
2026-10-04 22:32:44,default_user,170.95,86.55,175.98,Good Posture,98.93,0,387
2026-10-04 22:32:45,default_user,173.03,88.47,176.4,Good Posture,99.83,0,388
2026-10-04 22:32:46,default_user,177.55,88.33,176.42,Good Posture,98.74,0,389
2026-10-04 22:32:47,default_user,170.1,85.22,171.87,Good Posture,99.42,0,390
2026-10-04 22:32:48,default_user,177.66,84.57,176.1,Good Posture,99.29,0,391
2026-10-04 22:32:49,default_user,177.15,84.51,177.55,Good Posture,98.88,0,392
2026-10-04 22:32:50,default_user,174.85,85.44,174.72,Good Posture,99.2,0,393
2026-10-04 22:32:51,default_user,171.84,85.47,173.51,Good Posture,99.34,0,394
2026-10-04 22:32:52,default_user,170.41,84.66,172.3,Good Posture,98.89,0,395
2026-10-04 22:32:53,default_user,171.07,84.45,173.26,Good Posture,98.99,0,396
2026-10-04 22:32:54,default_user,177.31,82.36,176.1,Good Posture,98.76,0,397
2026-10-04 22:32:55,default_user,179.81,83.89,177.61,Good Posture,98.03,0,398
2026-10-04 22:32:56,default_user,176.22,83.4,175.43,Good Posture,98.6,0,399
2026-10-04 22:32:57,default_user,175.11,88.08,177.38,Good Posture,99.23,0,400
2026-10-04 22:32:58,default_user,170.75,85.09,172.85,Good Posture,99.8,0,401
2026-10-04 22:32:59,default_user,175.68,86.76,174.42,Good Posture,99.16,0,402
2026-10-04 22:33:00,default_user,173.13,86.92,174.13,Good Posture,99.61,0,403
2026-10-04 22:33:01,default_user,175.33,84.22,174.27,Good Posture,99.12,0,404
2026-10-04 22:33:02,default_user,179.34,85.22,177.22,Good Posture,99.09,0,405
2026-10-04 22:33:03,default_user,179.31,83.08,178.07,Good Posture,98.66,0,406
2026-10-04 22:33:04,default_user,179.08,84.25,178.11,Good Posture,98.48,0,407
2026-10-04 22:33:05,default_user,172.85,84.25,172.8,Good Posture,99.21,0,408
2026-10-04 22:33:06,default_user,165.57,85.02,168.5,Good Posture,98.62,0,409
2026-10-04 22:33:07,default_user,165.43,83.52,166.53,Good Posture,98.54,0,410
2026-10-04 22:33:08,default_user,173.63,83.56,172.49,Good Posture,97.97,0,411
2026-10-04 22:33:09,default_user,169.63,84.72,170.08,Good Posture,98.33,0,412
2026-10-04 22:33:10,default_user,172.17,83.38,170.82,Good Posture,97.96,0,413
2026-10-04 22:33:11,default_user,175.17,83.95,171.74,Good Posture,98.2,0,414
2026-10-04 22:33:12,default_user,178.75,85.93,175.7,Good Posture,98.71,0,415
2026-10-04 22:33:13,default_user,167.54,86.63,173.57,Good Posture,99.89,0,416
2026-10-04 22:33:14,default_user,166.81,86.97,175.21,Good Posture,99.68,0,417
2026-10-04 22:33:15,default_user,172.46,88.25,174.42,Good Posture,99.78,0,418
2026-10-04 22:33:16,default_user,167.91,90.0,173.45,Good Posture,99.74,0,419
2026-10-04 22:33:17,default_user,169.81,90.0,174.26,Good Posture,99.5,0,421
2026-10-04 22:33:18,default_user,170.85,89.51,175.1,Good Posture,98.01,0,422
2026-10-04 22:33:19,default_user,170.49,89.26,175.08,Good Posture,97.69,0,423
2026-10-04 22:33:20,default_user,169.42,89.5,174.29,Good Posture,93.69,0,424
2026-10-04 22:33:22,default_user,169.78,88.76,175.17,Good Posture,97.85,0,425
2026-10-04 22:33:23,default_user,170.74,89.0,175.12,Good Posture,97.32,0,426
2026-10-04 22:33:24,default_user,170.74,89.51,174.59,Good Posture,96.97,0,427
2026-10-04 22:33:25,default_user,178.86,84.87,179.77,Good Posture,93.3,0,428
2026-10-04 22:33:26,default_user,176.9,86.39,179.1,Good Posture,99.24,0,429
2026-10-04 22:33:27,default_user,176.72,84.89,175.08,Good Posture,99.18,0,430
2026-10-04 22:33:28,default_user,178.14,82.09,176.63,Good Posture,98.34,0,431
2026-10-04 22:33:29,default_user,180.0,83.11,176.86,Good Posture,97.93,0,432
2026-10-04 22:33:30,default_user,180.0,82.68,176.23,Good Posture,97.94,0,433
2026-10-04 22:33:31,default_user,179.74,81.33,176.41,Good Posture,97.71,0,434
2026-10-04 22:33:32,default_user,178.74,81.44,176.67,Good Posture,97.54,0,435
2026-10-04 22:33:33,default_user,171.27,83.93,177.42,Good Posture,97.68,0,436
2026-10-04 22:33:34,default_user,162.77,86.0,172.44,Good Posture,99.17,0,437
2026-10-04 22:33:35,default_user,168.16,85.05,175.35,Good Posture,99.24,0,438
2026-10-04 22:33:36,default_user,164.03,84.66,173.17,Good Posture,98.87,0,439
2026-10-04 22:33:37,default_user,168.95,86.04,175.82,Good Posture,99.2,0,440
2026-10-04 22:33:38,default_user,173.39,86.2,178.53,Good Posture,99.59,0,441
2026-10-04 22:33:39,default_user,171.22,83.45,176.92,Good Posture,99.1,0,442
2026-10-04 22:33:40,default_user,171.31,82.96,177.79,Good Posture,98.92,0,443
2026-10-04 22:33:41,default_user,172.83,81.7,179.67,Good Posture,97.94,0,444
2026-10-04 22:33:42,default_user,176.42,81.18,178.23,Good Posture,97.85,0,445
2026-10-04 22:33:43,default_user,168.19,84.02,176.2,Good Posture,98.13,0,446
2026-10-04 22:33:44,default_user,176.63,85.43,177.23,Good Posture,99.12,0,447
2026-10-04 22:33:45,default_user,179.05,86.4,175.87,Good Posture,99.36,0,448
2026-10-04 22:33:46,default_user,178.52,85.81,176.99,Good Posture,99.39,0,449
2026-10-04 22:33:47,default_user,178.98,85.62,176.68,Good Posture,99.04,0,450
2026-10-04 22:33:48,default_user,177.65,86.75,177.48,Good Posture,99.6,0,451
2026-10-04 22:33:49,default_user,179.49,84.82,176.9,Good Posture,99.3,0,452
2026-10-04 22:33:50,default_user,180.0,84.75,177.25,Good Posture,98.67,0,453
2026-10-04 22:33:51,default_user,177.94,84.95,178.52,Good Posture,98.87,0,454
2026-10-04 22:33:52,default_user,178.74,86.92,176.91,Good Posture,99.29,0,455
2026-10-04 22:33:53,default_user,179.76,87.54,177.19,Good Posture,99.47,0,456
2026-10-04 22:33:54,default_user,179.51,87.38,177.41,Good Posture,99.35,0,457
2026-10-04 22:33:55,default_user,180.0,87.74,177.14,Good Posture,99.31,0,458
2026-10-04 22:33:56,default_user,179.75,87.95,176.98,Good Posture,99.4,0,459
2026-10-04 22:33:57,default_user,179.01,86.82,176.19,Good Posture,99.43,0,460
2026-10-04 22:33:58,default_user,179.51,87.4,177.03,Good Posture,99.39,0,461
2026-10-04 22:33:59,default_user,179.03,87.19,176.63,Good Posture,99.27,0,462
2026-10-04 22:34:00,default_user,179.26,87.92,176.17,Good Posture,99.38,0,463
2026-10-04 22:34:01,default_user,178.55,84.92,178.84,Good Posture,99.32,0,464
2026-10-04 22:34:02,default_user,175.75,87.21,179.82,Good Posture,99.63,0,465
2026-10-04 22:34:03,default_user,175.31,86.37,180.0,Good Posture,99.36,0,466
2026-10-04 22:34:04,default_user,175.55,85.22,179.62,Good Posture,98.91,0,467
2026-10-04 22:34:05,default_user,174.92,84.82,180.0,Good Posture,98.79,0,468
2026-10-04 22:34:06,default_user,175.29,86.2,178.87,Good Posture,99.17,0,469
2026-10-04 22:34:07,default_user,173.88,86.19,179.41,Good Posture,99.23,0,470
2026-10-04 22:34:08,default_user,175.31,88.16,179.42,Good Posture,99.54,0,471
2026-10-04 22:34:09,default_user,175.58,87.39,179.23,Good Posture,99.61,0,473
2026-10-04 22:34:10,default_user,178.35,90.65,178.15,Good Posture,99.71,0,474
2026-10-04 22:34:11,default_user,154.3,95.63,168.95,Good Posture,87.97,0,475
2026-10-04 22:34:12,default_user,171.67,86.78,170.91,Good Posture,92.65,0,476
2026-10-04 22:34:13,default_user,171.82,87.59,170.18,Good Posture,99.5,0,477
2026-10-04 22:34:14,default_user,170.68,89.5,172.45,Good Posture,99.81,0,478
2026-10-04 22:34:15,default_user,172.39,89.48,173.99,Good Posture,100.0,0,479
2026-10-04 22:34:16,default_user,172.05,90.17,173.37,Good Posture,99.99,0,480
2026-10-04 22:34:18,default_user,177.33,87.0,176.27,Good Posture,99.62,0,481
2026-10-04 22:34:19,default_user,172.15,82.46,178.23,Good Posture,99.18,0,482
2026-10-04 22:34:20,default_user,178.92,83.6,173.52,Good Posture,98.43,0,483
2026-10-04 22:34:21,default_user,179.45,82.28,173.11,Good Posture,98.02,0,484
2026-10-04 22:34:22,default_user,176.86,82.65,172.87,Good Posture,98.05,0,485
2026-10-04 22:34:23,default_user,173.72,82.43,171.79,Good Posture,98.45,0,486
2026-10-04 22:34:24,default_user,174.21,81.95,171.81,Good Posture,98.17,0,487
2026-10-04 22:34:25,default_user,174.69,81.9,172.21,Good Posture,98.23,0,488
2026-10-04 22:34:26,default_user,176.72,81.74,175.59,Good Posture,98.29,0,489
2026-10-04 22:34:27,default_user,177.9,82.87,178.22,Good Posture,97.57,0,490
2026-10-04 22:34:28,default_user,179.35,84.31,176.95,Good Posture,98.26,0,491
2026-10-04 22:34:29,default_user,176.85,84.94,178.73,Good Posture,98.61,0,492
2026-10-04 22:34:30,default_user,177.14,84.59,178.57,Good Posture,98.31,0,493
2026-10-04 22:34:31,default_user,171.69,83.94,178.92,Good Posture,98.66,0,494
2026-10-04 22:34:32,default_user,175.17,81.9,179.09,Good Posture,98.14,0,495
2026-10-04 22:34:33,default_user,177.42,80.67,172.58,Good Posture,97.48,0,496
2026-10-04 22:34:34,default_user,178.4,81.39,174.44,Good Posture,98.36,0,497
2026-10-04 22:34:35,default_user,177.59,81.82,175.24,Good Posture,97.96,0,498
2026-10-04 22:34:36,default_user,176.91,81.87,175.46,Good Posture,98.02,0,499
2026-10-04 22:34:37,default_user,178.73,83.66,175.98,Good Posture,98.11,0,500
2026-10-04 22:34:38,default_user,173.57,84.43,172.11,Good Posture,98.59,0,501
2026-10-04 22:34:39,default_user,171.29,82.83,179.81,Good Posture,98.45,0,502
2026-10-04 22:34:40,default_user,173.85,82.74,179.28,Good Posture,98.38,0,503
2026-10-04 22:34:41,default_user,175.57,84.31,174.64,Good Posture,98.32,0,504
2026-10-04 22:34:42,default_user,172.74,90.49,176.85,Good Posture,90.66,0,505
2026-10-04 22:34:43,default_user,171.3,89.77,175.9,Good Posture,86.66,0,506
2026-10-04 22:34:44,default_user,171.15,87.2,176.39,Good Posture,98.03,0,507
2026-10-04 22:34:45,default_user,174.85,87.9,178.8,Good Posture,97.93,0,508
2026-10-04 22:34:46,default_user,178.14,86.99,179.77,Good Posture,99.85,0,509
2026-10-04 22:34:47,default_user,178.33,88.58,179.27,Good Posture,99.86,0,510
2026-10-04 22:34:48,default_user,179.17,88.82,179.51,Good Posture,99.81,0,511
2026-10-04 22:34:49,default_user,178.35,88.59,179.76,Good Posture,99.71,0,512
2026-10-04 22:34:50,default_user,178.36,88.36,179.76,Good Posture,99.85,0,513
2026-10-04 22:34:51,default_user,178.63,88.36,180.0,Good Posture,99.78,0,514
2026-10-04 22:34:52,default_user,178.9,88.12,179.76,Good Posture,99.79,0,515
2026-10-04 22:34:53,default_user,178.62,88.13,180.0,Good Posture,99.73,0,516
2026-10-04 22:34:54,default_user,178.34,88.36,180.0,Good Posture,99.79,0,517
2026-10-04 22:34:55,default_user,177.25,88.12,179.76,Good Posture,99.95,0,518
2026-10-04 22:34:56,default_user,176.13,88.34,179.02,Good Posture,100.0,0,519
2026-10-04 22:34:57,default_user,171.51,88.36,177.3,Good Posture,99.98,0,520
2026-10-04 22:34:58,default_user,160.91,99.37,172.29,Good Posture,98.03,0,521
2026-10-04 22:34:59,default_user,154.84,99.1,170.69,Good Posture,96.74,0,522
2026-10-04 22:35:00,default_user,178.21,95.11,175.79,Good Posture,97.22,0,523
2026-10-04 22:35:01,default_user,173.16,90.98,172.15,Bad Posture,52.17,0,524
2026-10-04 22:35:02,default_user,173.82,93.16,173.46,Bad Posture,37.13,0,525
2026-10-04 22:35:03,default_user,173.43,92.83,174.0,Posture Warning,58.8,0,526
2026-10-04 22:35:04,default_user,175.7,92.52,174.64,Bad Posture,40.23,0,527
2026-10-04 22:35:05,default_user,176.58,92.5,174.56,Bad Posture,24.88,0,528
2026-10-04 22:35:06,default_user,174.09,93.14,173.57,Bad Posture,24.18,0,529
2026-10-04 22:35:07,default_user,174.42,93.84,174.7,Bad Posture,26.27,1,0
2026-10-04 22:35:08,default_user,174.08,92.62,174.46,Bad Posture,44.93,1,1
2026-10-04 22:35:09,default_user,174.01,93.92,175.29,Bad Posture,45.27,1,2
2026-10-04 22:35:10,default_user,180.0,100.08,179.67,Posture Warning,62.19,0,3
2026-10-04 22:35:11,default_user,171.75,101.2,173.45,Good Posture,96.48,0,4
2026-10-04 22:35:12,default_user,171.38,96.89,173.63,Good Posture,97.66,0,5
2026-10-04 22:35:14,default_user,178.6,95.1,180.0,Good Posture,98.59,0,6
2026-10-04 22:35:15,default_user,177.55,90.71,178.28,Good Posture,99.16,0,7
2026-10-04 22:35:16,default_user,178.87,91.87,178.69,Good Posture,99.82,0,8
2026-10-04 22:35:17,default_user,179.1,92.33,178.47,Good Posture,99.76,0,9
2026-10-04 22:35:18,default_user,177.96,89.11,176.06,Good Posture,99.67,0,10
2026-10-04 22:35:19,default_user,175.38,86.09,175.55,Good Posture,99.86,0,11
2026-10-04 22:35:20,default_user,168.86,89.76,174.55,Good Posture,99.62,0,12
2026-10-04 22:35:21,default_user,177.69,89.77,177.39,Good Posture,99.8,0,13
2026-10-04 22:35:22,default_user,111.94,25.51,115.3,Good Posture,93.82,0,0
2026-10-04 22:35:23,default_user,104.04,41.63,111.04,Posture Warning,71.73,0,1
2026-10-04 22:35:24,default_user,19.21,161.81,39.7,Bad Posture,37.68,0,2
2026-10-04 22:35:25,default_user,136.71,108.33,132.09,Bad Posture,53.18,0,0
2026-10-04 22:35:26,default_user,145.23,102.49,133.46,Good Posture,81.54,0,1
2026-10-04 22:35:27,default_user,151.76,104.3,138.26,Posture Warning,65.91,0,2
2026-10-04 22:35:28,default_user,142.72,84.11,150.48,Good Posture,91.47,0,3
2026-10-04 22:35:29,default_user,129.39,81.23,141.58,Good Posture,90.43,0,4
2026-10-04 22:35:30,default_user,134.48,83.84,150.69,Good Posture,90.59,0,5
2026-10-04 22:35:31,default_user,141.9,82.39,151.57,Good Posture,94.48,0,6
2026-10-04 22:35:32,default_user,154.84,87.14,167.91,Good Posture,91.59,0,7
2026-10-04 22:35:33,default_user,117.22,108.43,125.25,Good Posture,84.58,0,8
2026-10-04 22:35:34,default_user,179.62,95.27,178.74,Good Posture,87.11,0,9
2026-10-04 22:35:35,default_user,138.78,81.69,139.67,Good Posture,94.89,0,10
2026-10-04 22:35:36,default_user,174.99,86.31,176.76,Good Posture,94.08,0,11
2026-10-04 22:35:37,default_user,176.32,88.85,174.14,Good Posture,99.6,0,12
2026-10-04 22:35:38,default_user,152.12,92.92,165.55,Good Posture,99.58,0,13
2026-10-04 22:35:39,default_user,166.64,93.07,174.38,Good Posture,99.12,0,14
2026-10-04 22:35:40,default_user,169.25,92.01,174.86,Good Posture,99.81,0,15
2026-10-04 22:35:41,default_user,169.53,92.23,175.16,Good Posture,99.6,0,16
2026-10-04 22:35:42,default_user,171.72,91.98,175.79,Good Posture,99.7,0,0
2026-10-04 22:35:43,default_user,171.31,91.76,175.51,Good Posture,99.71,0,1
2026-10-04 22:35:44,default_user,171.17,91.75,174.64,Good Posture,99.74,0,0
2026-10-04 22:35:45,default_user,170.83,92.24,174.32,Good Posture,99.84,0,1
2026-10-04 22:35:46,default_user,170.01,92.22,173.96,Good Posture,99.89,0,2
2026-10-04 22:35:47,default_user,168.27,91.74,173.1,Good Posture,99.96,0,3
2026-10-04 22:35:48,default_user,168.97,91.74,173.4,Good Posture,99.97,0,4
2026-10-04 22:35:49,default_user,168.62,92.26,172.25,Good Posture,99.94,0,5
2026-10-04 22:35:50,default_user,170.54,92.45,174.2,Good Posture,99.98,0,6
2026-10-04 22:35:51,default_user,169.47,92.44,173.59,Good Posture,99.95,0,7
2026-10-04 22:35:52,default_user,168.91,92.2,173.56,Good Posture,99.97,0,8
2026-10-04 22:35:53,default_user,168.62,91.98,173.29,Good Posture,99.96,0,9
2026-10-04 22:35:54,default_user,166.95,92.25,172.26,Good Posture,100.0,0,10
2026-10-04 22:35:55,default_user,166.14,92.0,172.3,Good Posture,100.0,0,11
2026-10-04 22:35:56,default_user,165.6,92.49,172.08,Good Posture,100.0,0,12
2026-10-04 22:35:57,default_user,165.51,92.22,171.23,Good Posture,100.0,0,13
2026-10-04 22:35:58,default_user,165.7,91.23,171.37,Good Posture,100.0,0,14
2026-10-04 22:35:59,default_user,166.14,91.47,172.04,Good Posture,99.99,0,15
2026-10-04 22:36:00,default_user,165.62,91.47,172.04,Good Posture,99.86,0,16
2026-10-04 22:36:01,default_user,165.79,91.47,172.33,Good Posture,99.79,0,17
2026-10-04 22:36:03,default_user,165.05,91.72,171.7,Good Posture,99.8,0,18
2026-10-04 22:36:04,default_user,165.62,91.97,172.17,Good Posture,99.79,0,19
2026-10-04 22:36:05,default_user,165.11,91.97,171.66,Good Posture,99.79,0,20
2026-10-04 22:36:06,default_user,164.78,91.49,171.95,Good Posture,99.79,0,21
2026-10-04 22:36:07,default_user,163.86,91.74,171.7,Good Posture,99.32,0,22
2026-10-04 22:36:08,default_user,164.53,91.73,171.7,Good Posture,99.08,0,23
2026-10-04 22:36:09,default_user,166.46,91.95,172.95,Good Posture,98.18,0,24
2026-10-04 22:36:10,default_user,167.21,92.21,172.69,Good Posture,99.65,0,25
2026-10-04 22:36:11,default_user,166.22,91.74,173.1,Good Posture,99.7,0,26
2026-10-04 22:36:12,default_user,166.56,91.74,173.4,Good Posture,98.31,0,27
2026-10-04 22:36:13,default_user,167.35,92.0,174.26,Good Posture,97.25,0,0
2026-10-04 22:36:14,default_user,168.41,92.49,174.08,Good Posture,99.33,0,1
2026-10-04 22:36:15,default_user,170.66,91.49,175.04,Good Posture,99.97,0,2
2026-10-04 22:36:16,default_user,173.54,91.71,176.53,Good Posture,99.86,0,3
2026-10-04 22:36:17,default_user,173.9,91.72,176.82,Good Posture,99.81,0,4
2026-10-04 22:36:18,default_user,173.59,92.21,176.28,Good Posture,99.76,0,5
2026-10-04 22:36:19,default_user,174.96,92.46,176.28,Good Posture,99.85,0,6
2026-10-04 22:36:20,default_user,145.41,94.42,155.77,Good Posture,99.35,0,7
2026-10-04 22:36:21,default_user,128.75,96.31,144.49,Good Posture,90.69,0,8
2026-10-04 22:36:22,default_user,155.11,98.2,151.63,Good Posture,88.7,0,9
2026-10-04 22:36:23,default_user,174.74,91.77,178.82,Good Posture,97.72,0,10
2026-10-04 22:36:24,default_user,173.05,91.01,177.94,Good Posture,99.78,0,11
2026-10-04 22:36:25,default_user,179.31,91.77,179.7,Good Posture,99.64,0,12
2026-10-04 22:36:26,default_user,178.96,92.04,179.12,Good Posture,99.37,0,0
2026-10-04 22:36:27,default_user,178.95,91.53,178.24,Good Posture,99.2,0,1
2026-10-04 22:36:28,default_user,172.31,91.27,176.44,Good Posture,99.55,0,2
2026-10-04 22:36:29,default_user,170.54,91.02,175.98,Good Posture,99.73,0,3
2026-10-04 22:36:30,default_user,170.42,91.56,175.94,Good Posture,98.47,0,4
2026-10-04 22:36:31,default_user,170.42,91.58,175.94,Good Posture,95.9,0,5
2026-10-04 22:36:32,default_user,169.34,91.57,175.6,Good Posture,97.67,0,6
2026-10-04 22:36:33,default_user,169.52,91.06,176.75,Good Posture,96.64,0,7
2026-10-04 22:36:34,default_user,171.17,91.06,177.44,Good Posture,98.71,0,8
2026-10-04 22:36:35,default_user,171.43,91.06,177.38,Good Posture,98.22,0,9
2026-10-04 22:36:36,default_user,171.59,90.53,177.71,Good Posture,96.39,0,10
2026-10-04 22:36:37,default_user,172.04,90.8,178.04,Good Posture,97.77,0,11
2026-10-04 22:36:38,default_user,172.55,90.26,178.12,Good Posture,99.58,0,0
2026-10-04 22:36:39,default_user,174.81,90.78,178.52,Good Posture,99.65,0,1
2026-10-04 22:36:40,default_user,174.36,90.52,178.51,Good Posture,99.63,0,2
2026-10-04 22:36:41,default_user,176.4,90.26,178.79,Good Posture,99.54,0,3
2026-10-04 22:36:42,default_user,179.28,91.03,179.7,Good Posture,99.31,0,0
2026-10-04 22:36:43,default_user,178.47,91.55,179.69,Good Posture,99.35,0,1
2026-10-04 22:36:44,default_user,179.63,91.02,179.39,Good Posture,99.28,0,2
2026-10-04 22:36:45,default_user,178.84,91.03,178.11,Good Posture,99.37,0,3
2026-10-04 22:36:46,default_user,178.45,91.02,177.51,Good Posture,99.26,0,4
2026-10-04 22:36:47,default_user,178.1,90.77,178.45,Good Posture,99.37,0,5
2026-10-04 22:36:48,default_user,179.24,90.26,179.69,Good Posture,99.25,0,0
2026-10-04 22:36:49,default_user,177.68,91.03,180.0,Good Posture,97.3,0,1
2026-10-04 22:36:50,default_user,178.03,91.31,179.68,Good Posture,98.3,0,2
2026-10-04 22:36:51,default_user,175.46,90.78,178.76,Good Posture,98.56,0,3
2026-10-04 22:36:52,default_user,174.44,90.51,178.15,Good Posture,99.71,0,4
2026-10-04 22:36:53,default_user,174.87,90.51,178.48,Good Posture,99.72,0,5
2026-10-04 22:36:55,default_user,173.38,90.77,178.48,Good Posture,99.67,0,6
2026-10-04 22:36:56,default_user,174.84,90.76,179.39,Good Posture,99.62,0,7
2026-10-04 22:36:57,default_user,174.87,91.02,178.78,Good Posture,99.59,0,8
2026-10-04 22:36:58,default_user,175.11,91.53,179.38,Good Posture,99.53,0,9
2026-10-04 22:36:59,default_user,173.29,91.29,178.47,Good Posture,99.53,0,10
2026-10-04 22:37:00,default_user,175.6,91.55,179.38,Good Posture,99.57,0,11
2026-10-04 22:37:01,default_user,176.33,91.53,179.38,Good Posture,99.53,0,12
2026-10-04 22:37:02,default_user,178.53,91.53,179.38,Good Posture,99.51,0,13
2026-10-04 22:37:03,default_user,170.86,94.35,173.59,Good Posture,98.79,0,14
2026-10-04 22:37:04,default_user,166.08,88.12,174.04,Good Posture,98.88,0,16
2026-10-04 22:37:05,default_user,165.09,91.58,173.54,Good Posture,99.49,0,17
2026-10-04 22:37:07,default_user,167.41,90.36,175.83,Good Posture,99.61,0,18
2026-10-04 22:37:08,default_user,176.48,91.65,178.81,Good Posture,99.73,0,19
2026-10-04 22:37:09,default_user,173.4,89.25,176.91,Good Posture,99.73,0,20
2026-10-04 22:37:10,default_user,164.41,93.06,169.66,Good Posture,94.6,0,21
2026-10-04 22:37:11,default_user,179.29,92.87,178.15,Good Posture,86.65,0,22
2026-10-04 22:37:12,default_user,177.79,92.93,179.09,Good Posture,77.65,0,23
2026-10-04 22:37:13,default_user,173.22,85.76,179.03,Posture Warning,69.84,0,24
2026-10-04 22:37:14,default_user,172.67,88.03,179.56,Bad Posture,37.5,0,25
2026-10-04 22:37:15,default_user,177.52,85.32,177.68,Posture Warning,64.54,0,26
2026-10-04 22:37:16,default_user,169.26,88.47,176.53,Good Posture,79.46,0,27
2026-10-04 22:37:17,default_user,170.39,88.69,175.75,Good Posture,98.99,0,29
2026-10-04 22:37:18,default_user,173.34,88.85,177.42,Good Posture,90.14,0,30
2026-10-04 22:37:19,default_user,172.17,88.19,176.91,Good Posture,80.03,0,31
2026-10-04 22:37:20,default_user,172.11,87.89,177.91,Posture Warning,70.95,0,32
2026-10-04 22:37:21,default_user,170.27,88.03,176.51,Posture Warning,68.84,0,33
2026-10-04 22:37:22,default_user,168.65,91.46,174.9,Good Posture,84.33,0,34
2026-10-04 22:37:23,default_user,167.32,91.9,172.13,Good Posture,94.93,0,35
2026-10-04 22:37:24,default_user,162.19,94.47,170.98,Good Posture,85.01,0,36
2026-10-04 22:37:25,default_user,160.75,92.27,169.64,Good Posture,94.26,0,37
2026-10-04 22:37:26,default_user,162.52,93.11,170.11,Good Posture,91.93,0,38
2026-10-04 22:37:27,default_user,166.94,93.55,172.16,Good Posture,98.23,0,39
2026-10-04 22:37:28,default_user,166.4,94.43,170.92,Good Posture,99.27,0,0
2026-10-04 22:37:29,default_user,165.41,94.97,170.71,Good Posture,99.03,0,1
2026-10-04 22:37:30,default_user,165.54,94.75,170.57,Good Posture,98.89,0,2
2026-10-04 22:37:31,default_user,162.05,94.02,169.52,Good Posture,98.57,0,3
2026-10-04 22:37:32,default_user,162.57,91.09,167.59,Good Posture,97.95,0,4
2026-10-04 22:37:33,default_user,161.91,90.22,167.88,Good Posture,87.71,0,5
2026-10-04 22:37:34,default_user,161.28,90.0,167.1,Good Posture,76.58,0,6
2026-10-04 22:37:35,default_user,170.28,88.6,172.97,Posture Warning,74.7,0,7
2026-10-04 22:37:36,default_user,168.57,89.3,173.27,Bad Posture,53.77,0,8
2026-10-04 22:37:37,default_user,166.82,90.0,171.87,Posture Warning,62.67,0,9
2026-10-04 22:37:38,default_user,165.68,90.0,171.06,Posture Warning,62.9,0,10
2026-10-04 22:37:39,default_user,165.53,90.71,170.63,Posture Warning,60.37,0,11
2026-10-04 22:37:40,default_user,167.78,90.73,171.79,Posture Warning,62.67,0,12
2026-10-04 22:37:41,default_user,167.4,91.21,171.54,Posture Warning,61.94,0,0
2026-10-04 22:37:42,default_user,162.39,93.43,167.8,Bad Posture,54.02,0,1
2026-10-04 22:37:43,default_user,164.8,92.21,173.13,Good Posture,95.84,0,2
2026-10-04 22:37:45,default_user,167.77,91.76,173.89,Good Posture,99.82,0,3
2026-10-04 22:37:46,default_user,166.77,91.92,173.82,Good Posture,92.93,0,4
2026-10-04 22:37:47,default_user,166.7,90.0,175.55,Good Posture,78.2,0,5
2026-10-04 22:37:48,default_user,163.18,90.24,174.49,Good Posture,79.62,0,6
2026-10-04 22:37:49,default_user,160.53,92.37,171.25,Posture Warning,74.78,0,7
2026-10-04 22:37:50,default_user,163.77,91.18,173.5,Bad Posture,52.52,0,8
2026-10-04 22:37:51,default_user,163.57,90.94,173.5,Posture Warning,58.82,0,9
2026-10-04 22:37:52,default_user,162.7,93.22,170.51,Good Posture,76.29,0,10
2026-10-04 22:37:53,default_user,166.23,91.54,172.35,Good Posture,92.18,0,11
2026-10-04 22:37:54,default_user,162.77,91.51,171.55,Good Posture,95.77,0,12
2026-10-04 22:37:55,default_user,164.54,90.22,173.52,Good Posture,97.66,0,13
2026-10-04 22:37:56,default_user,163.56,89.76,174.14,Good Posture,91.86,0,14
2026-10-04 22:37:57,default_user,164.86,90.44,170.91,Good Posture,93.57,0,15
2026-10-04 22:37:58,default_user,161.42,90.87,169.47,Good Posture,99.21,0,16
2026-10-04 22:37:59,default_user,160.96,90.87,169.03,Good Posture,98.97,0,17
2026-10-04 22:38:00,default_user,166.75,90.44,171.6,Good Posture,99.37,0,19
2026-10-04 22:38:01,default_user,170.43,89.78,175.84,Good Posture,97.45,0,20
2026-10-04 22:38:02,default_user,167.37,90.0,173.55,Good Posture,95.53,0,21
2026-10-04 22:38:03,default_user,167.5,90.0,173.27,Good Posture,99.21,0,22
2026-10-04 22:38:04,default_user,166.85,90.0,173.64,Good Posture,94.13,0,23
2026-10-04 22:38:05,default_user,167.52,90.0,173.73,Good Posture,93.96,0,24
2026-10-04 22:38:06,default_user,165.85,90.0,172.74,Good Posture,96.77,0,25
2026-10-04 22:38:07,default_user,166.08,90.0,174.0,Good Posture,99.5,0,26
2026-10-04 22:38:08,default_user,167.74,90.0,175.31,Good Posture,99.66,0,27
2026-10-04 22:38:09,default_user,168.11,90.0,175.71,Good Posture,99.7,0,28
2026-10-04 22:38:10,default_user,165.37,90.0,173.86,Good Posture,99.65,0,29
2026-10-04 22:38:11,default_user,162.41,90.0,171.29,Good Posture,99.18,0,30
2026-10-04 22:38:12,default_user,163.21,90.0,171.64,Good Posture,98.96,0,31
2026-10-04 22:38:13,default_user,166.21,90.0,174.43,Good Posture,99.47,0,32
2026-10-04 22:38:14,default_user,167.08,90.0,175.35,Good Posture,99.68,0,33
2026-10-04 22:38:15,default_user,167.69,90.0,175.82,Good Posture,99.74,0,34
2026-10-04 22:38:16,default_user,167.83,90.0,175.33,Good Posture,99.8,0,35
2026-10-04 22:38:17,default_user,167.58,90.0,175.1,Good Posture,99.83,0,36
2026-10-04 22:38:18,default_user,166.34,90.0,173.94,Good Posture,99.7,0,37
2026-10-04 22:38:19,default_user,163.25,90.0,171.8,Good Posture,99.19,0,38
2026-10-04 22:38:20,default_user,153.43,90.0,166.72,Good Posture,97.26,0,39
2026-10-04 22:38:21,default_user,162.3,90.0,173.81,Good Posture,98.13,0,40
2026-10-04 22:38:22,default_user,158.75,90.0,173.58,Good Posture,99.17,0,41
2026-10-04 22:38:23,default_user,162.74,90.0,173.99,Good Posture,98.53,0,42
2026-10-04 22:38:24,default_user,166.86,89.21,178.3,Good Posture,92.37,0,43
2026-10-04 22:38:25,default_user,169.89,88.03,178.49,Posture Warning,65.22,0,44
2026-10-04 22:38:26,default_user,166.34,88.11,178.26,Bad Posture,54.37,0,45
2026-10-04 22:38:27,default_user,166.78,89.22,178.03,Posture Warning,62.29,0,46
2026-10-04 22:38:28,default_user,165.48,89.2,176.85,Good Posture,84.39,0,47
2026-10-04 22:38:29,default_user,168.53,88.94,178.81,Good Posture,88.04,0,48
2026-10-04 22:38:30,default_user,167.32,88.49,177.4,Good Posture,86.76,0,49
2026-10-04 22:38:31,default_user,165.41,89.5,176.87,Good Posture,96.47,0,50
2026-10-04 22:38:32,default_user,164.05,89.52,175.45,Good Posture,99.94,0,51
2026-10-04 22:38:33,default_user,163.25,90.0,174.74,Good Posture,99.69,0,52
2026-10-04 22:38:34,default_user,164.72,90.0,174.87,Good Posture,99.83,0,53
2026-10-04 22:38:35,default_user,163.04,90.0,172.97,Good Posture,99.84,0,54
2026-10-04 22:38:36,default_user,161.91,90.0,172.55,Good Posture,99.65,0,55
2026-10-04 22:38:37,default_user,157.34,84.92,172.44,Good Posture,97.33,0,56
2026-10-04 22:38:38,default_user,158.1,85.88,174.58,Good Posture,96.17,0,57
2026-10-04 22:38:39,default_user,156.72,85.84,173.21,Good Posture,92.57,0,58
2026-10-04 22:38:40,default_user,155.91,85.41,174.02,Good Posture,87.28,0,59
2026-10-04 22:38:41,default_user,157.74,85.28,174.08,Good Posture,95.29,0,60
2026-10-04 22:38:42,default_user,156.92,86.04,173.14,Good Posture,92.84,0,61
2026-10-04 22:38:43,default_user,157.04,86.35,173.87,Good Posture,94.22,0,62
2026-10-04 22:38:44,default_user,161.57,86.72,175.1,Good Posture,91.27,0,63
2026-10-04 22:38:46,default_user,159.59,86.52,174.29,Good Posture,88.07,0,64
2026-10-04 22:38:47,default_user,161.08,87.0,174.61,Good Posture,92.07,0,65
2026-10-04 22:38:48,default_user,158.2,86.36,174.11,Good Posture,97.27,0,66
2026-10-04 22:38:49,default_user,160.25,86.38,174.83,Good Posture,91.23,0,67
2026-10-04 22:38:50,default_user,158.09,86.36,173.52,Good Posture,94.99,0,68
2026-10-04 22:38:51,default_user,157.2,86.05,173.55,Good Posture,98.38,0,69
2026-10-04 22:38:52,default_user,158.25,86.14,174.03,Good Posture,93.56,0,70
2026-10-04 22:38:53,default_user,156.69,86.7,174.19,Good Posture,95.25,0,71
2026-10-04 22:38:54,default_user,153.43,81.55,179.41,Bad Posture,46.49,0,72
2026-10-04 22:38:55,default_user,156.53,81.17,178.23,Bad Posture,25.58,0,73
2026-10-04 22:38:56,default_user,158.88,82.21,178.5,Good Posture,84.79,0,74
2026-10-04 22:38:57,default_user,155.38,87.16,177.08,Good Posture,96.95,0,75
2026-10-04 22:38:58,default_user,150.58,87.09,168.84,Good Posture,92.42,0,76
2026-10-04 22:38:59,default_user,158.79,85.3,174.37,Good Posture,97.12,0,77
2026-10-04 22:39:00,default_user,160.02,86.79,174.85,Good Posture,98.56,0,79
2026-10-04 22:39:01,default_user,160.63,86.58,176.1,Good Posture,99.11,0,80
2026-10-04 22:39:02,default_user,157.65,87.06,174.78,Good Posture,98.73,0,81
2026-10-04 22:39:03,default_user,158.14,86.78,173.4,Good Posture,93.84,0,82
2026-10-04 22:39:04,default_user,156.35,86.82,172.64,Good Posture,96.48,0,83
2026-10-04 22:39:05,default_user,158.37,87.2,174.1,Good Posture,93.83,0,84
2026-10-04 22:39:06,default_user,158.09,86.63,173.89,Good Posture,95.81,0,85
2026-10-04 22:39:07,default_user,159.37,87.46,175.26,Good Posture,93.41,0,86
2026-10-04 22:39:08,default_user,159.58,88.07,173.43,Good Posture,95.94,0,87
2026-10-04 22:39:09,default_user,160.04,88.25,174.26,Good Posture,93.43,0,88
2026-10-04 22:39:10,default_user,157.47,87.89,174.0,Good Posture,75.83,0,89
2026-10-04 22:39:11,default_user,158.09,87.72,173.83,Good Posture,88.23,0,90
2026-10-04 22:39:12,default_user,155.83,86.81,174.6,Good Posture,84.35,0,91
2026-10-04 22:39:13,default_user,156.49,87.15,174.06,Good Posture,84.51,0,92
2026-10-04 22:39:14,default_user,156.76,87.14,174.03,Good Posture,85.51,0,93
2026-10-04 22:39:15,default_user,157.2,86.93,173.75,Good Posture,92.29,0,94
2026-10-04 22:39:16,default_user,156.8,87.79,174.0,Good Posture,90.91,0,95
2026-10-04 22:39:17,default_user,157.22,87.29,174.14,Good Posture,94.61,0,96
2026-10-04 22:39:18,default_user,163.01,88.99,172.3,Good Posture,96.34,0,97
2026-10-04 22:39:19,default_user,173.0,88.82,177.15,Good Posture,96.82,0,98
2026-10-04 22:39:20,default_user,177.53,89.04,179.47,Good Posture,91.99,0,99
2026-10-04 22:39:21,default_user,165.64,88.42,176.49,Good Posture,89.3,0,100
2026-10-04 22:39:22,default_user,162.21,87.66,172.91,Good Posture,97.03,0,101
2026-10-04 22:39:23,default_user,148.19,89.03,165.29,Good Posture,95.86,0,102
2026-10-04 22:39:24,default_user,143.04,88.56,163.15,Good Posture,94.27,0,103
2026-10-04 22:39:25,default_user,139.7,90.96,158.47,Good Posture,93.79,0,104
2026-10-04 22:39:26,default_user,148.38,87.68,166.73,Good Posture,94.6,0,105
2026-10-04 22:39:27,default_user,147.76,85.3,170.07,Good Posture,93.92,0,106
2026-10-04 22:39:28,default_user,151.62,86.61,170.41,Good Posture,92.98,0,107
2026-10-04 22:39:29,default_user,149.39,86.17,169.93,Good Posture,95.61,0,108
2026-10-04 22:39:30,default_user,157.74,86.95,173.4,Good Posture,88.37,0,109
2026-10-04 22:39:31,default_user,157.25,87.25,172.75,Good Posture,88.6,0,110
2026-10-04 22:39:32,default_user,157.83,87.47,173.9,Good Posture,97.58,0,111
2026-10-04 22:39:33,default_user,160.56,87.52,173.49,Good Posture,97.35,0,112
2026-10-04 22:39:34,default_user,172.91,88.04,178.54,Good Posture,83.78,0,113
2026-10-04 22:39:35,default_user,167.44,87.77,177.79,Good Posture,92.02,0,114
2026-10-04 22:39:36,default_user,161.28,87.5,177.26,Posture Warning,73.49,0,115
2026-10-04 22:39:37,default_user,156.42,87.01,173.52,Good Posture,75.36,0,116
2026-10-04 22:39:38,default_user,158.42,87.5,174.62,Good Posture,79.38,0,117
2026-10-04 22:39:39,default_user,159.99,87.51,174.71,Good Posture,75.74,0,118
2026-10-04 22:39:40,default_user,159.7,87.94,173.31,Good Posture,83.86,0,119
2026-10-04 22:39:41,default_user,160.33,87.97,174.83,Good Posture,78.14,0,120
2026-10-04 22:39:43,default_user,156.92,88.63,172.49,Good Posture,79.4,0,121
2026-10-04 22:39:44,default_user,172.45,85.55,177.97,Good Posture,76.21,0,122
2026-10-04 22:39:45,default_user,179.02,85.9,178.26,Good Posture,84.5,0,123
2026-10-04 22:39:46,default_user,174.59,87.5,179.74,Good Posture,84.75,0,124
2026-10-04 22:39:47,default_user,173.39,84.99,179.47,Good Posture,84.03,0,125
2026-10-04 22:39:48,default_user,171.33,87.55,178.99,Good Posture,88.24,0,126
2026-10-04 22:39:49,default_user,164.48,88.2,173.96,Good Posture,90.58,0,127
2026-10-04 22:39:50,default_user,164.77,88.62,174.64,Good Posture,89.5,0,128
2026-10-04 22:39:51,default_user,162.83,88.62,174.11,Good Posture,79.22,0,129
2026-10-04 22:39:52,default_user,156.88,90.0,171.08,Good Posture,90.94,0,130
2026-10-04 22:39:53,default_user,157.59,89.29,171.54,Good Posture,78.16,0,131
2026-10-04 22:39:54,default_user,159.62,88.85,172.09,Posture Warning,71.66,0,132
2026-10-04 22:39:55,default_user,159.3,90.0,172.02,Posture Warning,72.62,0,134
2026-10-04 22:39:56,default_user,159.73,90.0,171.08,Good Posture,79.18,0,135
2026-10-04 22:39:57,default_user,164.95,89.07,175.83,Posture Warning,69.49,0,136
2026-10-04 22:39:58,default_user,167.21,87.5,177.5,Posture Warning,69.78,0,137
2026-10-04 22:39:59,default_user,175.94,87.46,178.69,Good Posture,82.31,0,138
2026-10-04 22:40:00,default_user,168.82,87.21,178.72,Good Posture,88.57,0,139
2026-10-04 22:40:01,default_user,170.36,88.38,178.92,Good Posture,89.06,0,140
2026-10-04 22:40:02,default_user,171.05,87.8,179.73,Good Posture,95.75,0,141
2026-10-04 22:40:03,default_user,170.48,88.31,179.19,Good Posture,87.2,0,142
2026-10-04 22:40:04,default_user,175.74,86.51,178.11,Posture Warning,65.32,0,143
2026-10-04 22:40:05,default_user,172.96,86.34,179.74,Bad Posture,51.78,0,144
2026-10-04 22:40:06,default_user,170.42,87.66,178.39,Posture Warning,59.18,0,145
2026-10-04 22:40:07,default_user,169.76,88.82,178.35,Posture Warning,67.0,0,146
2026-10-04 22:40:08,default_user,170.88,87.59,179.19,Good Posture,89.28,0,147
2026-10-04 22:40:09,default_user,171.77,88.36,180.0,Good Posture,97.88,0,148
2026-10-04 22:40:10,default_user,171.06,87.9,180.0,Good Posture,93.04,0,149
2026-10-04 22:40:11,default_user,163.46,88.78,175.17,Good Posture,96.76,0,150
2026-10-04 22:40:12,default_user,165.2,90.0,178.43,Good Posture,93.61,0,151
2026-10-04 22:40:13,default_user,147.38,90.0,160.6,Good Posture,99.37,0,152
2026-10-04 22:40:14,default_user,150.95,90.0,161.33,Good Posture,99.52,0,153
2026-10-04 22:40:15,default_user,146.31,97.45,170.54,Good Posture,97.87,0,154
2026-10-04 22:40:16,default_user,143.43,94.46,171.57,Good Posture,86.65,0,155
2026-10-04 22:40:17,default_user,122.43,90.0,163.95,Good Posture,94.03,0,156
2026-10-04 22:40:18,default_user,147.77,90.0,174.38,Good Posture,88.72,0,157
2026-10-04 22:40:19,default_user,135.66,90.0,160.51,Good Posture,97.45,0,158
2026-10-04 22:40:21,default_user,131.5,90.0,157.32,Good Posture,98.92,0,159
2026-10-04 22:40:22,default_user,138.14,90.0,168.98,Good Posture,86.84,0,160
2026-10-04 22:40:23,default_user,125.54,90.0,157.66,Good Posture,81.51,0,161
2026-10-04 22:40:24,default_user,128.42,90.0,157.81,Good Posture,98.13,0,162
2026-10-04 22:40:25,default_user,132.8,90.0,160.48,Good Posture,98.67,0,163
2026-10-04 22:40:26,default_user,157.07,90.0,174.22,Good Posture,94.38,0,164
2026-10-04 22:40:27,default_user,145.41,90.0,163.3,Posture Warning,69.54,0,165
2026-10-04 22:40:28,default_user,132.51,90.0,164.36,Good Posture,88.21,0,166
2026-10-04 22:40:29,default_user,132.61,95.19,164.48,Good Posture,78.93,0,167
2026-10-04 22:40:30,default_user,133.19,93.66,167.06,Good Posture,85.02,0,168
2026-10-04 22:40:31,default_user,133.75,93.87,167.8,Good Posture,93.97,0,169
2026-10-04 22:40:32,default_user,118.72,93.15,150.0,Bad Posture,46.04,0,171
2026-10-04 22:40:33,default_user,141.67,95.15,170.54,Bad Posture,48.51,0,172
2026-10-04 22:40:34,default_user,151.99,94.64,173.16,Bad Posture,37.61,0,173
2026-10-04 22:40:35,default_user,143.97,93.43,171.31,Bad Posture,9.23,0,174
2026-10-04 22:40:36,default_user,156.8,94.04,172.6,Bad Posture,25.21,0,175
2026-10-04 22:40:37,default_user,151.56,94.48,171.97,Bad Posture,6.32,1,176
2026-10-04 22:40:38,default_user,131.52,90.0,155.18,Bad Posture,53.34,1,177
2026-10-04 22:40:39,default_user,121.1,90.0,152.5,Good Posture,79.57,0,178
2026-10-04 22:40:40,default_user,136.55,90.0,160.08,Good Posture,98.28,0,179
2026-10-04 22:40:41,default_user,143.13,90.0,163.23,Good Posture,98.84,0,180
2026-10-04 22:40:43,default_user,140.65,90.0,163.77,Good Posture,99.53,0,182
2026-10-04 22:40:44,default_user,133.03,90.0,157.89,Good Posture,99.59,0,183
2026-10-04 22:40:45,default_user,126.25,90.0,161.29,Good Posture,98.08,0,184
2026-10-04 22:40:46,default_user,126.87,90.0,160.23,Good Posture,99.5,0,185
2026-10-04 22:40:47,default_user,128.23,90.0,162.35,Good Posture,99.53,0,186
2026-10-04 22:40:48,default_user,131.63,90.0,159.35,Good Posture,99.67,0,187
2026-10-04 22:40:49,default_user,127.37,90.0,154.41,Good Posture,99.43,0,188
2026-10-04 22:40:50,default_user,138.29,90.0,158.46,Good Posture,99.54,0,189
2026-10-04 22:40:51,default_user,152.56,90.0,168.11,Good Posture,99.82,0,190
2026-10-04 22:40:52,default_user,128.44,90.0,147.06,Good Posture,97.91,0,191
2026-10-04 22:40:53,default_user,144.74,90.0,159.02,Good Posture,98.86,0,192
2026-10-04 22:40:55,default_user,175.24,90.0,175.4,Good Posture,99.24,0,194
2026-10-04 22:40:56,default_user,161.81,90.0,170.75,Good Posture,99.88,0,195
2026-10-04 22:40:57,default_user,167.56,90.0,171.3,Good Posture,99.88,0,196
2026-10-04 22:41:00,default_user,168.86,90.0,175.06,Good Posture,99.88,0,198
2026-10-04 22:41:01,default_user,166.81,90.0,173.66,Good Posture,99.88,0,200
2026-10-04 22:41:03,default_user,165.56,90.0,170.31,Good Posture,99.88,0,201
2026-10-04 22:41:04,default_user,155.56,90.0,167.91,Good Posture,99.88,0,202
2026-10-04 22:41:05,default_user,161.03,90.0,169.51,Good Posture,99.88,0,203
2026-10-04 22:41:06,default_user,166.43,90.0,171.36,Good Posture,99.88,0,205
2026-10-04 22:41:07,default_user,176.27,90.0,176.99,Good Posture,99.15,0,206
2026-10-04 22:41:08,default_user,168.06,90.0,172.41,Good Posture,99.58,0,207
2026-10-04 22:41:09,default_user,165.47,90.0,173.16,Good Posture,99.88,0,208
2026-10-04 22:41:10,default_user,158.75,90.0,168.41,Good Posture,99.88,0,209
2026-10-04 22:41:11,default_user,156.25,90.0,169.7,Good Posture,99.88,0,210
2026-10-04 22:41:12,default_user,165.96,90.0,179.2,Good Posture,99.88,0,211
2026-10-04 22:41:13,default_user,154.49,90.0,167.3,Good Posture,99.46,0,212
2026-10-04 22:41:14,default_user,160.35,90.0,168.53,Good Posture,98.88,0,213
2026-10-04 22:41:16,default_user,150.1,90.0,168.53,Good Posture,99.88,0,214
2026-10-04 22:41:16,default_user,149.04,90.0,169.99,Good Posture,99.88,0,215
2026-10-04 22:41:17,default_user,146.31,90.0,170.81,Good Posture,99.88,0,216
2026-10-04 22:41:18,default_user,144.46,90.0,168.02,Good Posture,99.88,0,217
2026-10-04 22:41:19,default_user,146.98,90.0,169.02,Good Posture,99.8,0,218
2026-10-04 22:41:20,default_user,136.33,90.0,171.74,Good Posture,97.36,0,219
2026-10-04 22:41:21,default_user,140.19,90.0,169.61,Good Posture,88.46,0,220
2026-10-04 22:41:22,default_user,144.69,90.0,170.1,Good Posture,96.76,0,221
2026-10-04 22:41:23,default_user,174.29,90.0,178.06,Good Posture,97.26,0,222
2026-10-04 22:41:24,default_user,176.82,90.0,174.19,Good Posture,95.97,0,223
2026-10-04 22:41:25,default_user,169.88,90.0,174.73,Good Posture,98.98,0,224
2026-10-04 22:41:26,default_user,177.95,90.0,173.85,Good Posture,99.15,0,225
2026-10-04 22:41:27,default_user,133.83,90.0,161.29,Good Posture,99.32,0,226
2026-10-04 22:41:28,default_user,122.91,90.0,160.97,Good Posture,99.47,0,227
2026-10-04 22:41:37,default_user,157.38,90.0,168.87,Good Posture,99.52,0,236
2026-10-04 22:41:38,default_user,159.44,90.0,170.27,Good Posture,99.61,0,237
2026-10-04 22:41:41,default_user,123.69,90.0,150.52,Good Posture,99.62,0,239
2026-10-04 22:41:53,default_user,90.0,90.0,172.41,Good Posture,99.53,0,252
2026-10-04 22:42:00,default_user,136.47,90.0,158.66,Good Posture,98.42,0,259
2026-10-04 22:42:01,default_user,123.02,90.0,153.87,Good Posture,99.35,0,260
2026-10-04 22:42:05,default_user,108.71,91.73,137.83,Good Posture,97.31,0,264
2026-10-04 22:42:09,default_user,130.86,90.0,153.43,Good Posture,97.05,0,268
2026-10-04 22:42:10,default_user,120.02,90.0,153.43,Good Posture,98.76,0,269
2026-10-04 22:42:11,default_user,100.62,90.0,165.26,Good Posture,98.39,0,270
2026-10-04 22:42:25,default_user,90.0,90.0,176.82,Good Posture,98.4,0,284
2026-10-04 22:42:26,default_user,90.0,90.0,169.51,Good Posture,98.43,0,285
2026-10-04 22:42:28,default_user,179.04,89.67,162.65,Good Posture,90.2,0,287
2026-10-04 22:42:29,default_user,164.05,90.0,175.1,Good Posture,88.75,0,288
2026-10-04 22:42:30,default_user,81.87,89.48,149.13,Good Posture,92.47,0,289
2026-10-04 22:42:31,default_user,73.78,86.17,149.04,Good Posture,98.52,0,290
2026-10-04 22:42:33,default_user,82.48,86.69,134.34,Good Posture,97.58,0,291
2026-10-04 22:42:34,default_user,115.38,84.44,117.39,Good Posture,93.66,0,292
2026-10-04 22:42:35,default_user,123.3,84.42,145.71,Good Posture,92.56,0,293
2026-10-04 22:42:36,default_user,110.56,82.43,138.15,Good Posture,93.53,0,294
2026-10-04 22:42:37,default_user,126.38,81.74,143.41,Good Posture,95.65,0,295
2026-10-04 22:42:38,default_user,99.26,83.86,125.04,Good Posture,94.29,0,296
2026-10-04 22:42:46,default_user,114.78,90.0,65.56,Good Posture,96.37,0,0
2026-10-04 22:42:47,default_user,135.0,180.0,101.31,Good Posture,85.69,0,0
2026-10-04 22:42:48,default_user,135.0,165.26,100.62,Posture Warning,73.05,0,0
2026-10-04 22:42:49,default_user,135.0,26.57,103.5,Posture Warning,58.19,0,0
2026-10-04 22:42:50,default_user,149.04,30.07,127.87,Bad Posture,50.01,0,0
2026-10-04 22:42:51,default_user,122.91,24.44,97.13,Bad Posture,37.32,0,0
2026-10-04 22:42:52,default_user,172.87,77.8,30.96,Bad Posture,43.24,0,0
2026-10-04 22:42:53,default_user,123.69,175.91,104.74,Bad Posture,40.05,0,0
2026-10-04 22:42:54,default_user,113.2,26.57,77.01,Bad Posture,41.67,0,0
2026-10-04 22:42:55,default_user,111.25,28.61,68.2,Bad Posture,46.86,0,1
2026-10-04 22:42:56,default_user,118.89,26.57,90.0,Posture Warning,56.54,0,2
2026-10-04 22:42:57,default_user,121.76,39.29,86.82,Posture Warning,59.25,0,3
2026-10-04 22:42:58,default_user,68.2,165.96,56.31,Bad Posture,53.17,0,0
2026-10-04 22:43:00,default_user,133.53,173.29,123.02,Bad Posture,50.35,0,0
2026-10-04 22:43:01,default_user,137.29,168.69,130.6,Bad Posture,50.22,0,0
2026-10-04 22:43:06,default_user,115.35,40.91,75.96,Bad Posture,43.35,0,0
2026-10-04 22:43:07,default_user,133.36,51.63,84.29,Posture Warning,63.43,0,1
2026-10-04 22:43:09,default_user,128.16,12.53,97.13,Good Posture,79.39,0,0
2026-10-04 22:43:11,default_user,54.26,179.03,76.59,Good Posture,76.69,0,0
2026-10-04 22:43:12,default_user,90.0,90.0,90.0,Bad Posture,33.58,0,1
2026-10-04 22:43:13,default_user,85.69,176.08,85.39,Bad Posture,1.43,0,2
2026-10-04 22:43:14,default_user,88.96,175.47,89.68,Bad Posture,6.16,0,3
2026-10-04 22:43:15,default_user,104.17,174.29,102.65,Bad Posture,7.76,0,4
2026-10-04 22:43:16,default_user,109.11,171.3,103.34,Bad Posture,40.29,1,5
2026-10-04 22:43:17,default_user,102.34,168.41,97.59,Bad Posture,20.21,1,6
2026-10-04 22:43:19,default_user,98.81,175.0,99.73,Bad Posture,4.96,1,7
2026-10-04 22:43:20,default_user,74.74,167.09,91.67,Bad Posture,8.62,1,8
2026-10-04 22:43:21,default_user,93.81,166.18,105.01,Bad Posture,3.74,1,9
2026-10-04 22:43:22,default_user,89.59,172.2,100.59,Bad Posture,0.0,1,10
2026-10-04 22:43:23,default_user,74.9,175.33,92.05,Bad Posture,1.23,1,11
2026-10-04 22:43:25,default_user,131.63,14.04,110.22,Bad Posture,7.87,1,0
2026-10-04 22:43:29,default_user,156.63,87.66,169.51,Bad Posture,14.88,1,0
2026-10-04 22:43:30,default_user,145.62,87.29,169.42,Good Posture,89.86,0,1
2026-10-04 22:43:31,default_user,152.09,89.17,166.72,Good Posture,99.88,0,2
2026-10-04 22:43:32,default_user,163.47,87.22,171.87,Good Posture,84.23,0,3
2026-10-04 22:43:33,default_user,166.46,87.74,172.13,Good Posture,75.65,0,4
2026-10-04 22:43:34,default_user,170.72,85.38,174.66,Good Posture,81.98,0,5
2026-10-04 22:43:35,default_user,173.8,84.6,175.91,Good Posture,83.57,0,6
2026-10-04 22:43:36,default_user,173.35,89.15,179.79,Good Posture,90.79,0,7
2026-10-04 22:43:37,default_user,176.94,89.83,179.02,Good Posture,95.06,0,8
2026-10-04 22:43:38,default_user,178.29,88.28,178.02,Good Posture,99.62,0,9
2026-10-04 22:43:39,default_user,177.55,88.63,179.02,Good Posture,99.4,0,10
2026-10-04 22:43:40,default_user,165.55,88.08,177.56,Good Posture,99.7,0,11
2026-10-04 22:43:41,default_user,162.58,87.68,176.45,Good Posture,99.76,0,12
2026-10-04 22:43:42,default_user,168.23,88.27,174.71,Good Posture,99.81,0,13
2026-10-04 22:43:43,default_user,166.68,87.1,175.17,Good Posture,99.59,0,14
2026-10-04 22:43:44,default_user,164.77,88.07,175.97,Good Posture,99.54,0,15
2026-10-04 22:43:45,default_user,163.04,88.29,174.0,Good Posture,99.73,0,16
2026-10-04 22:43:46,default_user,177.45,87.38,179.39,Good Posture,99.58,0,17
2026-10-04 22:43:47,default_user,177.66,87.33,174.62,Good Posture,83.53,0,18
2026-10-04 22:43:48,default_user,176.0,88.5,178.04,Good Posture,84.11,0,19
2026-10-04 22:43:49,default_user,179.78,90.66,179.2,Good Posture,96.08,0,20
2026-10-04 22:43:50,default_user,178.03,86.62,178.28,Good Posture,84.35,0,21
2026-10-04 22:43:51,default_user,177.88,87.05,177.14,Good Posture,92.02,0,22
2026-10-04 22:43:52,default_user,177.11,86.06,177.05,Good Posture,97.44,0,23
2026-10-04 22:43:53,default_user,177.81,84.27,179.11,Good Posture,97.5,0,24
2026-10-04 22:43:54,default_user,172.9,83.32,178.11,Good Posture,95.2,0,25
2026-10-04 22:43:55,default_user,177.54,85.2,177.85,Good Posture,98.76,0,26
2026-10-04 22:43:56,default_user,175.91,84.61,178.89,Good Posture,99.0,0,27
2026-10-04 22:43:57,default_user,179.56,83.43,175.66,Good Posture,94.04,0,28
2026-10-04 22:43:58,default_user,173.71,84.51,177.89,Good Posture,98.72,0,29
2026-10-04 22:43:59,default_user,176.83,86.94,179.79,Good Posture,99.05,0,30
2026-10-04 22:44:00,default_user,176.42,85.65,179.2,Good Posture,99.2,0,31
2026-10-04 22:44:01,default_user,173.97,87.69,176.91,Good Posture,99.26,0,32
2026-10-04 22:44:02,default_user,173.22,87.81,176.53,Good Posture,99.57,0,33
2026-10-04 22:44:03,default_user,175.72,88.25,177.97,Good Posture,99.56,0,34
2026-10-04 22:44:04,default_user,175.38,86.63,178.03,Good Posture,99.53,0,35
2026-10-04 22:44:05,default_user,172.04,87.43,176.26,Good Posture,99.6,0,36
2026-10-04 22:44:06,default_user,172.14,87.81,176.21,Good Posture,99.72,0,37
2026-10-04 22:44:07,default_user,176.82,86.04,178.99,Good Posture,99.64,0,38
2026-10-04 22:44:08,default_user,174.87,87.62,177.97,Good Posture,99.49,0,39
2026-10-04 22:44:09,default_user,173.57,86.79,176.72,Good Posture,99.5,0,40
2026-10-04 22:44:10,default_user,171.87,85.83,176.45,Good Posture,99.45,0,41
2026-10-04 22:44:11,default_user,171.21,88.11,176.07,Good Posture,99.57,0,42
2026-10-04 22:44:12,default_user,166.12,88.14,172.99,Good Posture,99.61,0,43
2026-10-04 22:44:13,default_user,169.43,90.0,175.85,Good Posture,99.7,0,44
2026-10-04 22:44:14,default_user,166.02,91.11,172.03,Good Posture,89.67,0,45
2026-10-04 22:44:15,default_user,169.64,91.2,174.45,Good Posture,88.57,0,46
2026-10-04 22:44:16,default_user,169.42,91.19,174.82,Good Posture,78.81,0,47
2026-10-04 22:44:18,default_user,170.65,91.17,175.8,Good Posture,76.44,0,48
2026-10-04 22:44:19,default_user,171.25,90.45,175.87,Good Posture,78.95,0,50
2026-10-04 22:44:20,default_user,171.74,90.0,177.75,Good Posture,87.57,0,51
2026-10-04 22:44:21,default_user,171.05,88.26,178.3,Posture Warning,72.84,0,52
2026-10-04 22:44:22,default_user,172.0,87.94,178.95,Posture Warning,67.24,0,53
2026-10-04 22:44:23,default_user,170.01,90.0,176.91,Good Posture,85.2,0,54
2026-10-04 22:44:24,default_user,170.16,90.0,176.54,Good Posture,92.41,0,55
2026-10-04 22:44:25,default_user,169.44,89.08,175.86,Good Posture,81.03,0,56
2026-10-04 22:44:26,default_user,169.88,90.87,175.02,Good Posture,93.66,0,57
2026-10-04 22:44:27,default_user,176.65,91.33,175.84,Good Posture,97.23,0,58
2026-10-04 22:44:28,default_user,176.28,90.0,179.1,Good Posture,99.23,0,59
2026-10-04 22:44:29,default_user,172.95,90.91,176.17,Good Posture,99.78,0,60
2026-10-04 22:44:30,default_user,172.64,92.81,176.94,Good Posture,90.25,0,61
2026-10-04 22:44:31,default_user,173.99,91.46,178.99,Good Posture,95.76,0,62
2026-10-04 22:44:32,default_user,172.09,91.39,177.14,Good Posture,99.85,0,63
2026-10-04 22:44:33,default_user,176.72,90.0,179.8,Good Posture,98.42,0,64
2026-10-04 22:44:34,default_user,174.67,90.0,174.65,Good Posture,98.32,0,65
2026-10-04 22:44:35,default_user,170.61,90.0,172.98,Good Posture,99.79,0,66
2026-10-04 22:44:36,default_user,168.82,90.0,173.27,Good Posture,99.54,0,67
2026-10-04 22:44:37,default_user,169.05,90.0,174.86,Good Posture,96.22,0,68
2026-10-04 22:44:38,default_user,173.97,90.0,178.94,Good Posture,96.23,0,69
2026-10-04 22:44:39,default_user,170.23,90.0,176.63,Good Posture,88.88,0,70
2026-10-04 22:44:40,default_user,168.64,90.0,175.32,Good Posture,87.55,0,71
2026-10-04 22:44:41,default_user,159.19,90.0,172.1,Good Posture,96.83,0,72
2026-10-04 22:44:42,default_user,161.91,90.0,173.98,Posture Warning,68.83,0,73
2026-10-04 22:44:43,default_user,166.68,88.81,173.96,Good Posture,92.29,0,74
2026-10-04 22:44:44,default_user,175.72,87.65,179.78,Good Posture,80.94,0,75
2026-10-04 22:44:45,default_user,171.16,89.14,179.77,Good Posture,86.3,0,76
2026-10-04 22:44:46,default_user,168.28,93.68,174.34,Good Posture,97.96,0,77
2026-10-04 22:44:47,default_user,172.67,90.47,179.3,Good Posture,92.17,0,78
2026-10-04 22:44:48,default_user,161.18,92.44,173.23,Good Posture,99.76,0,79
2026-10-04 22:44:49,default_user,166.18,92.92,175.99,Good Posture,97.4,0,80
2026-10-04 22:44:50,default_user,179.49,92.29,178.44,Good Posture,88.57,0,81
2026-10-04 22:44:51,default_user,179.76,90.0,180.0,Good Posture,99.49,0,82
2026-10-04 22:44:52,default_user,178.52,90.0,178.46,Good Posture,99.07,0,83
2026-10-04 22:44:53,default_user,178.03,90.0,177.76,Good Posture,99.28,0,84
2026-10-04 22:44:54,default_user,174.94,90.0,178.4,Good Posture,99.42,0,85
2026-10-04 22:44:55,default_user,176.88,90.0,178.14,Good Posture,99.44,0,0
2026-10-04 22:44:56,default_user,178.39,90.0,177.83,Good Posture,99.59,0,1
2026-10-04 22:44:57,default_user,178.69,91.34,171.77,Good Posture,99.04,0,2
2026-10-04 22:44:58,default_user,176.65,90.0,179.77,Good Posture,99.64,0,3
2026-10-04 22:44:59,default_user,168.96,90.65,174.78,Good Posture,99.75,0,4
2026-10-04 22:45:00,default_user,167.56,90.43,174.02,Good Posture,99.88,0,5
2026-10-04 22:45:01,default_user,166.88,90.0,172.63,Good Posture,99.85,0,6
2026-10-04 22:45:02,default_user,167.2,90.0,177.17,Good Posture,75.87,0,7
2026-10-04 22:45:03,default_user,168.07,86.25,176.45,Good Posture,94.34,0,8
2026-10-04 22:45:04,default_user,172.84,86.83,179.14,Good Posture,97.97,0,10
2026-10-04 22:45:05,default_user,173.07,88.85,175.81,Good Posture,85.32,0,11
2026-10-04 22:45:07,default_user,167.61,87.92,175.47,Good Posture,98.41,0,12
2026-10-04 22:45:08,default_user,163.8,88.27,174.24,Good Posture,97.29,0,13
2026-10-04 22:45:09,default_user,162.13,88.8,172.42,Good Posture,99.52,0,14
2026-10-04 22:45:10,default_user,168.86,85.62,178.54,Good Posture,95.95,0,15
2026-10-04 22:45:11,default_user,167.81,86.14,176.03,Good Posture,82.18,0,16
2026-10-04 22:45:12,default_user,167.75,86.25,175.47,Good Posture,97.19,0,17
2026-10-04 22:45:13,default_user,168.55,86.26,176.92,Good Posture,99.52,0,18
2026-10-04 22:45:14,default_user,172.5,87.45,179.75,Good Posture,99.75,0,19
2026-10-04 22:45:15,default_user,174.43,87.2,180.0,Good Posture,99.84,0,20
2026-10-04 22:45:16,default_user,175.58,88.39,179.5,Good Posture,99.62,0,21
2026-10-04 22:45:17,default_user,172.12,87.7,178.95,Good Posture,99.61,0,22
2026-10-04 22:45:18,default_user,168.91,89.58,176.67,Good Posture,99.63,0,23
2026-10-04 22:45:19,default_user,172.87,88.33,177.88,Good Posture,99.18,0,24
2026-10-04 22:45:20,default_user,169.53,87.69,178.7,Good Posture,99.76,0,25
2026-10-04 22:45:21,default_user,166.84,86.68,177.08,Good Posture,99.71,0,26
2026-10-04 22:45:22,default_user,165.26,87.47,176.46,Good Posture,99.73,0,27
2026-10-04 22:45:23,default_user,170.13,87.34,177.67,Good Posture,99.7,0,28
2026-10-04 22:45:24,default_user,166.35,87.09,175.14,Good Posture,99.67,0,29
2026-10-04 22:45:25,default_user,176.38,88.74,179.74,Good Posture,99.57,0,30
2026-10-04 22:45:26,default_user,176.7,87.46,179.48,Good Posture,98.92,0,31
2026-10-04 22:45:27,default_user,173.62,87.72,178.54,Good Posture,98.4,0,32
2026-10-04 22:45:28,default_user,168.99,87.38,177.11,Good Posture,99.64,0,33
2026-10-04 22:45:29,default_user,164.9,88.96,172.87,Good Posture,99.69,0,34
2026-10-04 22:45:30,default_user,173.01,90.42,176.5,Good Posture,87.05,0,35
2026-10-04 22:45:31,default_user,173.02,90.82,177.74,Posture Warning,65.38,0,36
2026-10-04 22:45:32,default_user,175.11,89.79,179.48,Posture Warning,56.22,0,37
2026-10-04 22:45:33,default_user,179.1,94.45,179.5,Good Posture,81.37,0,38
2026-10-04 22:45:34,default_user,174.75,92.47,179.24,Good Posture,99.37,0,39
2026-10-04 22:45:35,default_user,172.27,92.24,177.76,Good Posture,99.67,0,40
2026-10-04 22:45:36,default_user,164.02,89.56,174.92,Good Posture,94.66,0,41
2026-10-04 22:45:37,default_user,160.49,87.83,175.04,Good Posture,93.73,0,42
2026-10-04 22:45:38,default_user,161.15,85.88,175.84,Good Posture,90.09,0,43
2026-10-04 22:45:39,default_user,166.65,87.16,176.59,Good Posture,82.91,0,44
2026-10-04 22:45:40,default_user,166.27,87.43,176.33,Good Posture,93.93,0,45
2026-10-04 22:45:41,default_user,165.81,86.46,176.83,Good Posture,99.68,0,46
2026-10-04 22:45:42,default_user,166.85,87.92,176.5,Good Posture,99.96,0,47
2026-10-04 22:45:43,default_user,169.53,88.33,178.0,Good Posture,100.0,0,48
2026-10-04 22:45:44,default_user,168.57,87.91,177.01,Good Posture,100.0,0,49
2026-10-04 22:45:45,default_user,167.95,89.58,177.4,Good Posture,99.95,0,50
2026-10-04 22:45:46,default_user,175.87,90.85,179.21,Posture Warning,62.64,0,51
2026-10-04 22:45:47,default_user,167.51,89.79,177.21,Bad Posture,53.23,0,52
2026-10-04 22:45:48,default_user,166.78,91.28,175.58,Bad Posture,46.19,0,53
2026-10-04 22:45:49,default_user,177.06,87.34,177.56,Posture Warning,56.88,0,55
2026-10-04 22:45:51,default_user,167.4,87.56,176.57,Good Posture,77.28,0,56
2026-10-04 22:45:52,default_user,164.44,89.57,174.21,Good Posture,75.32,0,57
2026-10-04 22:45:53,default_user,175.55,90.0,173.76,Good Posture,91.92,0,58
2026-10-04 22:45:54,default_user,180.0,90.0,180.0,Good Posture,92.48,0,59
2026-10-04 22:45:55,default_user,158.96,90.0,173.0,Good Posture,99.63,0,60
2026-10-04 22:45:56,default_user,151.7,90.0,171.57,Good Posture,99.87,0,61
2026-10-04 22:45:57,default_user,140.19,90.0,166.46,Good Posture,99.88,0,62
2026-10-04 22:45:58,default_user,145.01,90.0,169.11,Good Posture,99.88,0,63
2026-10-04 22:45:59,default_user,150.95,90.0,173.29,Good Posture,99.88,0,64
2026-10-04 22:46:00,default_user,131.63,90.0,163.74,Good Posture,99.87,0,65
2026-10-04 22:46:01,default_user,148.57,90.0,171.87,Good Posture,99.88,0,66
2026-10-04 22:46:02,default_user,141.34,90.0,166.76,Good Posture,99.88,0,67
2026-10-04 22:46:03,default_user,150.64,90.0,172.03,Good Posture,99.88,0,68
2026-10-04 22:46:04,default_user,145.49,90.0,169.8,Good Posture,99.88,0,69
2026-10-04 22:46:05,default_user,144.69,90.0,162.12,Good Posture,99.77,0,70
2026-10-04 22:46:06,default_user,123.23,91.95,169.88,Good Posture,81.49,0,71
2026-10-04 22:46:07,default_user,135.0,90.0,166.61,Good Posture,80.11,0,72
2026-10-04 22:46:08,default_user,162.26,92.74,180.0,Posture Warning,67.91,0,73
2026-10-04 22:46:09,default_user,170.54,94.03,176.88,Good Posture,86.68,0,74
2026-10-04 22:46:10,default_user,172.87,93.03,176.05,Good Posture,89.55,0,75
2026-10-04 22:46:11,default_user,157.07,93.12,170.98,Good Posture,91.33,0,76
2026-10-04 22:46:13,default_user,159.15,93.58,171.87,Good Posture,93.32,0,78
2026-10-04 22:46:14,default_user,147.53,93.22,168.31,Good Posture,90.99,0,79
2026-10-04 22:46:15,default_user,138.37,93.68,165.96,Good Posture,90.45,0,80
2026-10-04 22:46:16,default_user,139.4,93.37,167.2,Good Posture,93.6,0,81
2026-10-04 22:46:17,default_user,138.37,94.69,169.78,Good Posture,96.98,0,82
2026-10-04 22:46:18,default_user,125.54,90.0,158.03,Good Posture,92.28,0,83
2026-10-04 22:46:19,default_user,122.01,90.0,158.2,Good Posture,97.19,0,84
2026-10-04 22:46:20,default_user,112.62,90.0,145.78,Good Posture,99.61,0,85
2026-10-04 22:46:21,default_user,106.8,90.0,142.37,Good Posture,98.66,0,86
2026-10-04 22:46:22,default_user,105.35,90.0,141.95,Good Posture,98.88,0,87
2026-10-04 22:46:23,default_user,104.8,90.0,146.06,Good Posture,99.24,0,88
2026-10-04 22:46:24,default_user,105.07,90.0,147.6,Good Posture,98.96,0,89
2026-10-04 22:46:25,default_user,105.07,90.0,148.39,Good Posture,99.24,0,90
2026-10-04 22:46:26,default_user,105.95,90.0,148.52,Good Posture,99.26,0,91
2026-10-04 22:46:27,default_user,108.12,90.0,137.79,Good Posture,99.24,0,92
2026-10-04 22:46:28,default_user,115.87,90.0,152.45,Good Posture,99.35,0,93
2026-10-04 22:46:30,default_user,129.81,90.0,157.38,Good Posture,99.65,0,95
2026-10-04 22:46:31,default_user,142.31,90.0,163.5,Good Posture,99.83,0,96
2026-10-04 22:46:32,default_user,140.71,90.0,160.28,Good Posture,99.87,0,97
2026-10-04 22:46:33,default_user,146.98,90.0,166.46,Good Posture,99.84,0,98
2026-10-04 22:46:34,default_user,116.57,90.0,150.26,Good Posture,99.87,0,99
2026-10-04 22:46:35,default_user,107.35,90.0,151.93,Good Posture,99.86,0,100
2026-10-04 22:46:36,default_user,109.98,90.0,155.38,Good Posture,99.88,0,101
2026-10-04 22:46:37,default_user,95.44,90.0,152.95,Good Posture,99.8,0,102
2026-10-04 22:46:38,default_user,115.2,90.0,163.61,Good Posture,99.83,0,103
2026-10-04 22:46:39,default_user,121.43,90.0,158.01,Good Posture,99.88,0,104
2026-10-04 22:46:40,default_user,128.66,90.0,159.19,Good Posture,99.88,0,105
2026-10-04 22:46:41,default_user,112.71,90.0,156.54,Good Posture,99.88,0,106
2026-10-04 22:46:42,default_user,110.41,90.0,155.73,Good Posture,99.87,0,107
2026-10-04 22:46:43,default_user,108.43,90.0,159.83,Good Posture,99.88,0,108
2026-10-04 22:46:44,default_user,113.96,90.0,160.2,Good Posture,99.88,0,109
2026-10-04 22:46:45,default_user,134.06,90.0,164.05,Good Posture,99.88,0,110
2026-10-04 22:46:46,default_user,139.54,90.0,164.32,Good Posture,99.88,0,111
2026-10-04 22:46:47,default_user,132.88,90.0,165.96,Good Posture,99.88,0,112
2026-10-04 22:46:49,default_user,116.57,90.0,157.8,Good Posture,99.88,0,114
2026-10-04 22:46:50,default_user,118.3,90.0,161.57,Good Posture,99.88,0,115
2026-10-04 22:46:51,default_user,113.2,90.0,159.72,Good Posture,99.88,0,116
2026-10-04 22:46:54,default_user,132.88,90.0,165.47,Good Posture,99.86,0,119
2026-10-04 22:46:55,default_user,168.37,90.0,175.24,Good Posture,99.88,0,120
2026-10-04 22:46:56,default_user,153.43,90.0,168.31,Good Posture,99.87,0,121
2026-10-04 22:46:57,default_user,137.49,90.0,166.7,Good Posture,99.88,0,122
2026-10-04 22:46:58,default_user,121.76,90.0,155.1,Good Posture,99.87,0,123
2026-10-04 22:47:00,default_user,109.33,90.0,146.07,Good Posture,99.57,0,125
2026-10-04 22:47:03,default_user,105.17,90.0,143.47,Good Posture,99.29,0,128
2026-10-04 22:47:05,default_user,107.42,90.0,146.31,Good Posture,98.43,0,130
2026-10-04 22:47:06,default_user,162.67,81.99,175.55,Good Posture,94.83,0,131
2026-10-04 22:47:07,default_user,153.74,81.73,174.91,Good Posture,85.29,0,132
2026-10-04 22:47:08,default_user,155.22,84.43,178.07,Good Posture,93.85,0,133
2026-10-04 22:47:09,default_user,151.42,84.79,178.37,Good Posture,98.28,0,134
2026-10-04 22:47:10,default_user,158.71,87.08,179.72,Good Posture,99.21,0,135
2026-10-04 22:47:11,default_user,157.46,85.29,179.16,Good Posture,99.3,0,136
2026-10-04 22:47:12,default_user,161.92,85.06,177.49,Good Posture,98.95,0,137
2026-10-04 22:47:13,default_user,161.23,85.2,178.35,Good Posture,99.32,0,138
2026-10-04 22:47:14,default_user,160.76,85.3,178.09,Good Posture,99.29,0,139
2026-10-04 22:47:15,default_user,170.72,87.13,174.21,Good Posture,99.67,0,140
2026-10-04 22:47:16,default_user,169.9,89.22,174.21,Good Posture,99.75,0,141
2026-10-04 22:47:17,default_user,169.81,89.22,174.51,Good Posture,99.62,0,142
2026-10-04 22:47:18,default_user,170.9,89.04,175.26,Good Posture,99.56,0,143
2026-10-04 22:47:19,default_user,169.81,88.84,175.45,Good Posture,99.55,0,0
2026-10-04 22:47:20,default_user,171.01,88.83,175.42,Good Posture,99.62,0,1
2026-10-04 22:47:21,default_user,172.35,90.0,172.96,Good Posture,99.8,0,2
2026-10-04 22:47:22,default_user,171.7,88.41,173.79,Good Posture,100.0,0,3
2026-10-04 22:47:23,default_user,168.69,87.27,174.69,Good Posture,99.68,0,4
2026-10-04 22:47:24,default_user,167.92,83.3,175.5,Good Posture,98.78,0,5
2026-10-04 22:47:25,default_user,162.28,86.61,172.71,Good Posture,98.55,0,6
2026-10-04 22:47:26,default_user,174.11,84.5,179.01,Good Posture,99.04,0,7
2026-10-04 22:47:27,default_user,171.98,85.06,177.6,Good Posture,98.68,0,8
2026-10-04 22:47:28,default_user,172.66,85.28,177.25,Good Posture,98.83,0,9
2026-10-04 22:47:29,default_user,170.11,85.01,175.74,Good Posture,98.94,0,10
2026-10-04 22:47:30,default_user,171.38,84.46,176.44,Good Posture,98.59,0,11
2026-10-04 22:47:31,default_user,170.21,85.0,176.8,Good Posture,98.61,0,12
2026-10-04 22:47:33,default_user,166.14,87.08,173.64,Good Posture,98.92,0,13
2026-10-04 22:47:34,default_user,168.98,86.84,174.95,Good Posture,99.55,0,14
2026-10-04 22:47:35,default_user,168.98,86.11,175.63,Good Posture,99.19,0,15
2026-10-04 22:47:36,default_user,165.78,86.23,174.19,Good Posture,99.19,0,16
2026-10-04 22:47:37,default_user,165.05,86.66,173.15,Good Posture,99.37,0,18
2026-10-04 22:47:38,default_user,167.01,86.61,174.75,Good Posture,99.45,0,19
2026-10-04 22:47:39,default_user,165.59,87.67,173.68,Good Posture,99.55,0,20
2026-10-04 22:47:40,default_user,165.84,87.27,173.43,Good Posture,99.67,0,21
2026-10-04 22:47:41,default_user,166.73,87.24,174.19,Good Posture,99.57,0,22
2026-10-04 22:47:42,default_user,165.22,87.26,173.86,Good Posture,99.41,0,23
2026-10-04 22:47:43,default_user,172.48,87.03,178.9,Good Posture,99.46,0,24
2026-10-04 22:47:44,default_user,171.98,90.21,176.89,Good Posture,99.74,0,25
2026-10-04 22:47:45,default_user,170.98,90.62,172.93,Good Posture,99.61,0,26
2026-10-04 22:47:46,default_user,169.73,94.15,172.33,Good Posture,96.25,0,27
2026-10-04 22:47:47,default_user,153.27,80.77,163.46,Good Posture,96.41,0,28
2026-10-04 22:47:48,default_user,169.23,88.84,173.82,Good Posture,99.28,0,29
2026-10-04 22:47:49,default_user,170.54,87.01,175.84,Good Posture,99.74,0,30
2026-10-04 22:47:50,default_user,166.75,86.27,176.13,Good Posture,99.32,0,31
2026-10-04 22:47:51,default_user,171.55,86.42,177.86,Good Posture,99.48,0,32
2026-10-04 22:47:52,default_user,175.83,86.77,179.75,Good Posture,99.54,0,33
2026-10-04 22:47:53,default_user,172.05,86.99,179.48,Good Posture,98.64,0,34
2026-10-04 22:47:54,default_user,169.45,86.86,177.72,Good Posture,99.86,0,35
2026-10-04 22:47:55,default_user,169.13,86.62,178.66,Good Posture,99.73,0,36
2026-10-04 22:47:56,default_user,168.13,86.17,178.38,Good Posture,97.3,0,37
2026-10-04 22:47:57,default_user,166.5,86.51,177.06,Good Posture,93.54,0,38
2026-10-04 22:47:58,default_user,164.29,85.43,178.58,Good Posture,92.11,0,39
2026-10-04 22:47:59,default_user,159.99,85.29,177.0,Good Posture,94.84,0,40
2026-10-04 22:48:00,default_user,153.43,85.35,175.28,Good Posture,98.08,0,41
2026-10-04 22:48:01,default_user,153.57,84.98,173.49,Good Posture,97.73,0,42
2026-10-04 22:48:02,default_user,154.78,85.62,174.26,Good Posture,97.45,0,43
2026-10-04 22:48:03,default_user,153.43,85.64,173.66,Good Posture,97.59,0,44
2026-10-04 22:48:04,default_user,157.17,85.91,174.76,Good Posture,98.08,0,45
2026-10-04 22:48:05,default_user,159.23,85.75,176.06,Good Posture,98.71,0,46
2026-10-04 22:48:06,default_user,171.97,85.06,178.61,Good Posture,99.25,0,47
2026-10-04 22:48:07,default_user,172.96,88.19,179.73,Good Posture,99.42,0,48
2026-10-04 22:48:08,default_user,162.22,87.88,170.17,Good Posture,82.19,0,49
2026-10-04 22:48:09,default_user,180.0,89.33,176.07,Good Posture,92.9,0,50
2026-10-04 22:48:10,default_user,179.23,89.08,176.57,Good Posture,96.65,0,51
2026-10-04 22:48:11,default_user,178.84,87.58,178.26,Posture Warning,75.0,0,52
2026-10-04 22:48:12,default_user,178.09,86.62,177.75,Good Posture,78.94,0,53
2026-10-04 22:48:13,default_user,171.67,84.98,180.0,Good Posture,83.94,0,54
2026-10-04 22:48:14,default_user,166.29,85.87,174.83,Good Posture,89.79,0,55
2026-10-04 22:48:15,default_user,165.01,87.1,174.85,Good Posture,97.9,0,56
2026-10-04 22:48:16,default_user,169.08,86.06,177.06,Good Posture,99.64,0,57
2026-10-04 22:48:17,default_user,163.03,86.14,175.28,Good Posture,99.59,0,58
2026-10-04 22:48:18,default_user,162.94,87.94,175.66,Good Posture,99.57,0,59
2026-10-04 22:48:19,default_user,169.57,87.76,178.9,Good Posture,98.9,0,60
2026-10-04 22:48:21,default_user,173.7,87.05,179.45,Good Posture,96.73,0,61
2026-10-04 22:48:22,default_user,162.29,87.54,172.37,Good Posture,83.04,0,62
2026-10-04 22:48:23,default_user,172.75,90.24,178.64,Good Posture,85.39,0,63
2026-10-04 22:48:24,default_user,146.04,85.45,168.52,Good Posture,87.16,0,64
2026-10-04 22:48:25,default_user,146.89,83.84,172.76,Good Posture,86.55,0,65
2026-10-04 22:48:26,default_user,150.72,83.69,172.91,Good Posture,81.38,0,67
2026-10-04 22:48:27,default_user,150.0,86.11,171.91,Posture Warning,68.65,0,68
2026-10-04 22:48:28,default_user,158.33,85.49,175.73,Good Posture,87.76,0,69
2026-10-04 22:48:29,default_user,154.43,85.81,172.39,Good Posture,90.06,0,70
2026-10-04 22:48:30,default_user,153.74,86.55,172.44,Good Posture,93.48,0,71
2026-10-04 22:48:31,default_user,156.71,85.88,176.46,Good Posture,86.42,0,72
2026-10-04 22:48:32,default_user,155.53,86.27,172.69,Good Posture,82.96,0,73
2026-10-04 22:48:33,default_user,157.27,86.49,173.85,Good Posture,87.14,0,74
2026-10-04 22:48:34,default_user,156.41,86.36,173.4,Good Posture,93.67,0,75
2026-10-04 22:48:35,default_user,154.08,85.68,173.13,Good Posture,96.42,0,76
2026-10-04 22:48:36,default_user,157.44,85.62,176.97,Good Posture,95.6,0,77
2026-10-04 22:48:37,default_user,155.49,85.52,174.69,Good Posture,87.24,0,78
2026-10-04 22:48:38,default_user,155.72,85.14,176.14,Posture Warning,70.55,0,79
2026-10-04 22:48:39,default_user,157.44,84.81,176.75,Bad Posture,53.72,0,80
2026-10-04 22:48:40,default_user,159.08,84.45,177.48,Posture Warning,58.16,0,81
2026-10-04 22:48:41,default_user,160.19,84.43,178.14,Posture Warning,71.68,0,82
2026-10-04 22:48:42,default_user,158.71,85.36,177.81,Bad Posture,54.34,0,83
2026-10-04 22:48:43,default_user,162.74,84.2,179.37,Posture Warning,57.61,0,84
2026-10-04 22:48:44,default_user,158.35,83.95,179.06,Posture Warning,59.32,0,85
2026-10-04 22:48:45,default_user,161.8,85.26,178.53,Good Posture,84.13,0,86
2026-10-04 22:48:46,default_user,163.58,86.42,179.23,Good Posture,93.2,0,87
2026-10-04 22:48:47,default_user,169.63,83.99,177.52,Good Posture,98.44,0,88
2026-10-04 22:48:48,default_user,168.24,86.01,178.62,Good Posture,99.63,0,89
2026-10-04 22:48:49,default_user,170.54,87.69,179.72,Good Posture,99.56,0,90
2026-10-04 22:48:50,default_user,175.02,88.17,177.85,Good Posture,100.0,0,91
2026-10-04 22:48:51,default_user,173.29,87.69,178.34,Good Posture,100.0,0,92
2026-10-04 22:48:52,default_user,173.7,87.92,177.74,Good Posture,100.0,0,93
2026-10-04 22:48:53,default_user,175.78,87.39,175.81,Good Posture,99.92,0,94
2026-10-04 22:48:54,default_user,173.4,87.83,178.77,Good Posture,100.0,0,95
2026-10-04 22:48:55,default_user,172.59,87.62,178.18,Good Posture,100.0,0,96
2026-10-04 22:48:56,default_user,171.92,87.2,178.79,Good Posture,99.98,0,97
2026-10-04 22:48:57,default_user,171.92,87.8,177.96,Good Posture,99.88,0,98
2026-10-04 22:48:58,default_user,178.89,88.78,175.94,Good Posture,99.92,0,99
2026-10-04 22:48:59,default_user,175.66,88.12,176.17,Good Posture,99.92,0,100
2026-10-04 22:49:00,default_user,178.34,88.39,176.13,Good Posture,99.91,0,101
2026-10-04 22:49:01,default_user,178.61,86.79,176.0,Good Posture,99.7,0,102
2026-10-04 22:49:02,default_user,175.12,86.72,177.47,Good Posture,99.56,0,103
2026-10-04 22:49:04,default_user,175.87,88.64,178.14,Good Posture,99.98,0,104
2026-10-04 22:49:05,default_user,174.01,90.92,178.57,Good Posture,80.38,0,105
2026-10-04 22:49:06,default_user,172.48,90.7,178.25,Bad Posture,49.64,0,106
2026-10-04 22:49:07,default_user,176.76,88.76,178.02,Posture Warning,74.4,0,107
2026-10-04 22:49:08,default_user,179.29,88.21,176.88,Good Posture,88.76,0,108
2026-10-04 22:49:09,default_user,179.33,89.27,177.5,Good Posture,87.73,0,109
2026-10-04 22:49:10,default_user,180.0,87.31,175.28,Good Posture,97.92,0,110
2026-10-04 22:49:11,default_user,179.02,88.31,175.89,Good Posture,99.56,0,111
2026-10-04 22:49:12,default_user,180.0,88.33,175.44,Good Posture,99.63,0,113
2026-10-04 22:49:13,default_user,178.67,88.07,174.34,Good Posture,99.69,0,114
2026-10-04 22:49:14,default_user,179.66,88.59,175.89,Good Posture,99.67,0,115
2026-10-04 22:49:15,default_user,175.57,87.42,177.42,Good Posture,99.77,0,116
2026-10-04 22:49:16,default_user,176.21,87.42,177.08,Good Posture,100.0,0,117
2026-10-04 22:49:17,default_user,175.86,87.66,177.64,Good Posture,99.99,0,118
2026-10-04 22:49:18,default_user,157.59,88.35,172.74,Good Posture,98.66,0,119
2026-10-04 22:49:19,default_user,161.28,89.09,175.56,Good Posture,98.32,0,120
2026-10-04 22:49:20,default_user,165.47,86.49,176.3,Good Posture,98.54,0,121
2026-10-04 22:49:21,default_user,174.93,85.3,177.53,Good Posture,78.42,0,122
2026-10-04 22:49:22,default_user,173.2,86.76,179.47,Good Posture,93.62,0,123
2026-10-04 22:49:23,default_user,171.01,86.73,179.16,Good Posture,93.43,0,124
2026-10-04 22:49:24,default_user,176.93,87.2,176.81,Good Posture,92.73,0,125
2026-10-04 22:49:25,default_user,177.89,88.27,176.53,Good Posture,99.37,0,126
2026-10-04 22:49:26,default_user,174.59,88.22,176.04,Good Posture,92.58,0,127
2026-10-04 22:49:27,default_user,173.54,88.49,179.28,Good Posture,96.45,0,128
2026-10-04 22:49:28,default_user,158.3,90.23,171.37,Good Posture,94.13,0,129
2026-10-04 22:49:29,default_user,160.86,90.23,172.05,Good Posture,96.34,0,130
2026-10-04 22:50:02,default_user,22.3,97.86,17.14,Good Posture,100.0,0,0
2026-10-04 22:50:03,default_user,25.72,99.98,16.93,Good Posture,100.0,0,1
