neck_angle,shoulder_angle,spine_angle,label
158.78,90.0,172.23,Good
159.08,90.0,171.74,Good
163.24,90.0,173.35,Good
158.0,90.95,169.98,Bad
160.13,90.93,170.35,Bad
176.37,78.58,175.76,Bad
173.27,78.97,178.37,Bad
162.22,81.7,176.7,Bad
162.29,83.82,175.08,Bad
159.19,85.87,173.74,Bad
157.77,85.87,174.02,Bad
162.58,85.85,175.97,Bad
162.56,85.58,175.77,Bad
162.39,85.58,175.75,Bad
162.39,85.58,176.0,Bad
162.39,85.58,176.25,Bad
162.1,84.75,176.27,Bad
161.93,84.75,176.27,Bad
170.33,85.67,175.55,Bad
171.87,85.67,173.77,Bad
171.29,86.63,173.96,Bad
168.92,87.65,176.01,Bad
169.0,87.18,175.7,Bad
168.61,86.28,175.7,Bad
167.82,86.77,175.99,Bad
168.3,86.28,175.32,Bad
166.55,86.28,176.28,Bad
166.46,85.82,176.61,Bad
165.38,85.31,177.29,Bad
163.68,85.2,178.66,Bad
162.18,85.11,178.66,Bad
161.44,85.11,178.66,Bad
162.93,85.11,178.33,Bad
163.3,85.16,178.33,Bad
164.22,85.2,177.66,Bad
163.3,84.14,177.92,Bad
162.5,84.14,178.61,Bad
162.8,85.11,178.26,Bad
164.59,85.6,177.92,Bad
164.17,85.64,177.56,Bad
165.23,85.64,177.93,Bad
164.71,86.15,178.26,Bad
165.01,85.71,177.93,Bad
165.45,85.71,177.95,Bad
165.56,85.24,177.97,Bad
165.66,85.71,177.98,Bad
165.45,84.67,177.94,Bad
149.42,92.8,164.15,Good
155.18,93.21,166.87,Good
158.2,93.72,167.67,Good
150.21,92.83,166.64,Good
150.79,92.59,167.23,Good
156.29,98.13,167.89,Good
146.31,98.91,163.16,Good
149.04,98.67,163.18,Good
149.16,98.31,163.02,Good
157.7,98.37,166.08,Good
161.69,98.47,167.77,Good
165.66,98.89,169.14,Good
169.16,99.29,169.88,Good
167.01,98.93,169.23,Good
158.33,99.04,167.31,Good
166.31,77.86,179.38,Bad
166.97,83.21,176.59,Bad
160.35,87.3,179.58,Bad
159.19,88.18,179.58,Bad
167.64,91.37,177.95,Bad
166.36,90.46,178.79,Bad
166.34,90.45,178.81,Bad
158.28,91.89,176.13,Bad
175.05,73.09,165.81,Bad
173.11,72.54,165.58,Bad
173.07,72.96,165.11,Bad
172.25,73.39,164.8,Bad
171.7,72.83,164.49,Bad
172.53,72.41,164.72,Bad
173.53,74.78,165.27,Bad
173.53,74.78,165.27,Bad
173.58,74.36,165.35,Bad
173.58,74.36,165.35,Bad
173.53,74.78,165.27,Bad
173.95,75.1,165.5,Bad
173.53,74.55,165.19,Bad
173.53,74.55,165.42,Bad
173.91,74.43,165.73,Bad
174.67,74.43,165.73,Bad
174.7,73.99,166.12,Bad
175.46,73.99,166.12,Bad
175.08,73.87,165.73,Bad
175.11,74.31,166.12,Bad
175.11,74.31,166.04,Bad
175.05,74.31,166.35,Bad
175.05,74.31,166.28,Bad
175.05,74.31,166.28,Bad
175.05,74.31,166.28,Bad
175.01,73.87,165.88,Bad
174.63,73.74,166.2,Bad
175.05,74.31,166.28,Bad
175.05,74.31,166.28,Bad
175.05,74.31,166.28,Bad
175.05,74.31,166.28,Bad
175.05,74.31,166.28,Bad
175.46,74.86,166.67,Bad
175.4,74.86,166.35,Bad
174.7,75.74,166.35,Bad
174.7,75.74,166.04,Bad
173.99,75.3,166.12,Bad
173.99,75.3,166.12,Bad
173.95,75.74,166.04,Bad
174.33,75.63,166.35,Bad
174.33,75.63,166.35,Bad
174.7,75.52,166.35,Bad
174.67,75.07,166.28,Bad
174.29,74.95,165.96,Bad
174.63,74.38,166.2,Bad
174.63,74.38,166.28,Bad
174.63,74.38,166.28,Bad
174.63,74.38,166.04,Bad
174.63,74.38,166.04,Bad
174.63,74.38,166.04,Bad
174.63,74.38,166.04,Bad
174.63,74.38,166.04,Bad
174.63,74.38,166.04,Bad
174.63,74.38,166.04,Bad
175.01,74.25,166.35,Bad
175.01,74.25,166.35,Bad
175.01,74.25,166.35,Bad
175.01,74.25,166.35,Bad
175.05,73.8,166.43,Bad
175.05,73.8,166.43,Bad
174.67,73.93,166.12,Bad
174.67,73.93,166.04,Bad
173.95,74.38,166.12,Bad
173.95,74.38,166.12,Bad
173.95,74.38,166.12,Bad
172.83,74.5,165.81,Bad
172.73,74.5,165.81,Bad
172.83,74.5,165.89,Bad
172.83,74.5,165.89,Bad
172.08,74.5,165.89,Bad
171.71,74.62,165.27,Bad
171.76,74.18,165.35,Bad
171.76,74.18,165.51,Bad
171.76,74.18,165.51,Bad
172.5,74.18,165.81,Bad
172.5,74.18,165.81,Bad
172.6,74.18,165.81,Bad
172.55,73.74,165.74,Bad
173.25,73.3,166.04,Bad
173.2,72.86,166.27,Bad
173.16,73.3,166.2,Bad
173.16,73.3,166.2,Bad
172.83,73.61,165.96,Bad
172.46,73.74,165.66,Bad
172.78,74.31,165.89,Bad
172.78,74.31,165.89,Bad
172.78,74.31,165.89,Bad
172.78,74.31,165.89,Bad
172.78,74.31,165.89,Bad
172.78,74.31,165.89,Bad
172.78,74.31,165.89,Bad
173.07,74.43,165.89,Bad
173.07,74.43,165.89,Bad
173.07,74.43,165.58,Bad
173.45,74.31,165.89,Bad
173.53,74.31,165.96,Bad
173.49,73.87,165.89,Bad
173.49,73.87,165.89,Bad
173.49,73.87,165.89,Bad
173.49,73.87,165.89,Bad
173.49,73.87,165.89,Bad
173.45,74.31,165.89,Bad
173.53,74.31,165.89,Bad
173.16,74.43,165.66,Bad
173.16,74.43,165.66,Bad
173.11,74.86,165.58,Bad
173.2,74.86,165.58,Bad
173.2,74.86,165.58,Bad
173.2,74.86,165.66,Bad
173.95,74.86,165.66,Bad
173.91,74.43,165.58,Bad
173.91,74.43,165.58,Bad
173.53,74.31,165.27,Bad
173.53,74.31,164.97,Bad
173.58,74.74,165.35,Bad
173.58,74.74,165.35,Bad
173.58,74.74,165.27,Bad
173.58,74.74,165.27,Bad
173.2,74.62,164.97,Bad
172.41,75.07,164.88,Bad
172.41,75.07,164.88,Bad
172.78,75.19,165.19,Bad
172.83,75.63,165.27,Bad
172.87,76.08,165.35,Bad
172.87,76.08,165.05,Bad
172.87,76.08,165.05,Bad
172.87,76.08,165.05,Bad
172.87,76.08,164.97,Bad
172.13,76.08,164.97,Bad
172.03,76.08,164.97,Bad
172.08,76.52,165.05,Bad
171.34,76.52,165.05,Bad
170.91,76.18,164.66,Bad
170.91,76.18,164.74,Bad
170.91,76.18,164.74,Bad
170.91,76.18,164.74,Bad
171.66,76.18,164.58,Bad
171.98,75.85,164.8,Bad
123.02,104.46,140.69,Bad
142.9,97.67,156.0,Bad
143.13,98.08,155.97,Bad
142.0,99.71,154.49,Bad
141.45,99.71,154.49,Bad
140.37,99.83,153.29,Bad
138.01,99.71,152.23,Bad
136.3,99.34,151.42,Bad
135.54,98.86,151.5,Bad
133.74,99.34,151.39,Bad
133.74,99.34,151.7,Bad
130.82,100.86,148.92,Bad
132.3,101.31,149.43,Bad
136.34,102.23,150.82,Bad
136.33,102.7,150.98,Bad
134.57,103.74,148.93,Bad
135.43,103.74,150.02,Bad
135.44,103.24,150.69,Bad
137.25,102.09,152.12,Bad
141.29,100.01,155.58,Bad
139.8,100.87,154.78,Bad
139.14,100.51,154.64,Bad
137.96,100.44,153.89,Bad
137.49,100.44,153.74,Bad
136.71,100.94,152.69,Bad
136.42,101.61,152.26,Bad
136.39,101.31,151.81,Bad
133.05,102.53,148.5,Bad
131.16,102.3,147.53,Bad
130.22,102.9,146.82,Bad
127.85,102.39,146.22,Bad
127.63,102.39,146.4,Bad
127.06,102.67,145.87,Bad
125.96,102.86,144.39,Bad
120.96,97.28,142.79,Bad
124.8,99.39,145.12,Bad
123.6,100.11,144.24,Bad
122.68,100.87,142.62,Bad
121.75,101.4,142.62,Bad
118.45,101.04,141.08,Bad
119.46,102.48,141.7,Bad
119.62,103.16,142.03,Bad
120.58,103.59,141.9,Bad
121.23,104.15,141.54,Bad
122.04,104.37,142.37,Bad
123.16,104.25,143.97,Bad
122.74,104.68,144.09,Bad
123.0,105.1,144.28,Bad
122.66,105.1,144.02,Bad
122.39,102.35,145.2,Bad
121.84,103.31,143.52,Bad
121.94,103.63,143.97,Bad
122.14,103.63,143.9,Bad
122.59,104.04,144.02,Bad
123.26,103.83,145.24,Bad
122.75,104.35,143.95,Bad
123.01,105.22,144.21,Bad
122.68,105.45,143.76,Bad
121.94,106.52,142.82,Bad
121.55,104.48,143.33,Bad
121.55,104.48,142.67,Bad
122.07,104.48,142.61,Bad
121.75,104.48,142.35,Bad
121.49,103.6,143.85,Bad
121.23,103.16,143.66,Bad
122.17,103.71,143.33,Bad
124.46,104.35,145.86,Bad
124.03,104.99,145.24,Bad
123.94,105.29,145.33,Bad
123.95,105.41,145.59,Bad
123.95,105.29,145.86,Bad
123.6,104.24,146.04,Bad
137.42,98.88,155.46,Bad
130.46,99.07,149.64,Bad
129.74,99.62,149.49,Bad
129.97,100.65,148.39,Bad
129.84,101.12,149.68,Bad
129.84,101.12,150.44,Bad
129.84,101.12,150.29,Bad
129.67,101.21,150.69,Bad
129.44,102.26,150.92,Bad
128.78,102.26,150.66,Bad
128.78,102.26,150.4,Bad
128.46,102.26,150.15,Bad
128.46,102.26,150.15,Bad
129.74,104.04,151.48,Bad
131.41,103.18,150.18,Bad
132.15,103.32,150.44,Bad
132.69,102.99,150.8,Bad
132.71,103.35,150.18,Bad
132.71,103.35,150.18,Bad
132.53,103.24,149.93,Bad
149.37,106.07,164.05,Bad
146.4,105.55,165.87,Bad
145.74,105.68,164.71,Bad
145.83,105.34,164.26,Bad
144.98,105.47,163.41,Bad
145.54,105.47,163.19,Bad
145.35,105.95,162.98,Bad
146.31,105.95,163.3,Bad
146.98,106.08,163.86,Bad
147.35,106.08,163.86,Bad
147.74,106.56,163.96,Bad
147.96,106.56,164.1,Bad
148.14,106.08,164.2,Bad
147.85,106.22,164.2,Bad
147.85,106.22,164.1,Bad
145.49,105.95,163.69,Bad
146.72,105.47,164.71,Bad
147.42,105.34,164.71,Bad
145.82,104.87,164.61,Bad
144.76,104.87,164.31,Bad
144.46,105.0,164.31,Bad
145.07,105.0,164.58,Bad
145.07,105.0,164.48,Bad
146.1,105.0,164.48,Bad
144.82,105.0,164.0,Bad
144.91,104.39,164.37,Bad
144.65,104.39,164.27,Bad
145.18,104.27,164.92,Bad
145.88,104.27,165.22,Bad
144.85,104.27,164.58,Bad
144.11,104.39,164.21,Bad
144.78,104.27,164.37,Bad
143.97,103.8,164.33,Bad
143.91,104.27,164.22,Bad
145.64,104.27,164.05,Bad
146.53,104.27,164.05,Bad
146.96,104.27,164.05,Bad
149.93,104.15,165.22,Bad
150.26,104.04,165.69,Bad
147.95,103.92,165.4,Bad
147.95,103.92,165.4,Bad
146.65,102.99,165.4,Bad
147.69,102.89,166.15,Bad
151.24,102.78,167.06,Bad
175.39,105.14,172.69,Bad
179.25,107.67,174.08,Bad
179.25,108.13,174.11,Bad
178.99,107.53,174.38,Bad
179.0,107.53,174.41,Bad
179.01,107.98,174.73,Bad
178.27,107.38,175.04,Bad
178.27,107.38,175.02,Bad
178.77,107.38,175.02,Bad
178.77,107.84,175.04,Bad
178.77,107.84,175.04,Bad
178.76,107.84,175.29,Bad
178.76,107.84,175.29,Bad
178.75,107.38,174.94,Bad
178.76,107.84,174.94,Bad
178.77,107.38,175.26,Bad
178.77,107.38,175.21,Bad
179.51,107.53,174.62,Bad
179.51,107.53,174.62,Bad
179.5,107.53,174.62,Bad
179.5,107.53,174.67,Bad
179.75,107.67,174.38,Bad
179.75,107.21,173.4,Bad
180.0,105.88,173.29,Bad
179.74,105.75,173.59,Bad
178.42,105.62,173.66,Bad
178.95,105.38,174.32,Bad
179.74,105.45,175.53,Bad
180.0,105.33,175.83,Bad
180.0,105.33,175.83,Bad
179.75,105.64,176.15,Bad
179.76,106.07,176.13,Bad
179.51,105.52,176.4,Bad
180.0,105.52,175.85,Bad
179.76,105.64,175.56,Bad
178.78,105.64,175.29,Bad
177.55,106.19,174.67,Bad
178.29,106.31,174.97,Bad
178.53,106.19,175.29,Bad
177.06,106.19,174.43,Bad
176.56,105.76,173.82,Bad
175.54,105.76,173.5,Bad
173.1,105.41,172.54,Bad
173.55,105.41,172.46,Bad
173.49,105.41,171.87,Bad
173.55,105.64,171.32,Bad
171.76,105.22,170.34,Bad
172.02,105.1,169.75,Bad
172.61,105.1,169.75,Bad
171.95,105.1,169.53,Bad
171.17,105.1,169.47,Bad
171.09,104.88,169.72,Bad
170.63,104.88,169.42,Bad
170.63,104.88,169.42,Bad
170.36,104.77,169.72,Bad
170.26,104.77,169.61,Bad
170.72,104.88,169.72,Bad
170.8,104.88,169.47,Bad
170.89,104.88,169.29,Bad
171.57,104.88,169.94,Bad
171.83,104.77,170.24,Bad
172.09,104.88,170.49,Bad
172.21,104.77,170.49,Bad
172.21,104.55,170.89,Bad
171.95,104.44,171.23,Bad
172.14,104.34,171.53,Bad
169.49,104.24,170.33,Bad
169.72,103.93,170.59,Bad
169.72,103.93,170.39,Bad
169.26,103.93,170.13,Bad
169.93,103.93,169.89,Bad
169.93,103.93,169.53,Bad
170.12,103.93,169.29,Bad
170.71,104.34,170.04,Bad
171.15,104.34,169.92,Bad
171.68,104.34,169.97,Bad
171.68,104.34,169.97,Bad
172.28,104.34,169.97,Bad
172.28,104.34,169.97,Bad
172.28,104.34,169.97,Bad
172.81,104.34,170.03,Bad
172.55,104.44,169.67,Bad
172.55,104.44,169.97,Bad
172.55,104.44,169.97,Bad
172.55,104.44,170.03,Bad
171.91,104.85,170.28,Bad
171.75,104.85,170.17,Bad
171.75,104.85,169.55,Bad
171.17,104.24,169.86,Bad
170.58,103.83,169.67,Bad
169.52,103.34,169.5,Bad
170.26,102.26,169.7,Bad
171.28,101.78,169.64,Bad
171.09,101.78,169.58,Bad
171.57,101.7,169.75,Bad
172.62,100.69,170.54,Bad
174.17,100.38,169.89,Bad
174.01,100.59,169.94,Bad
173.26,100.12,170.04,Bad
174.15,100.2,170.34,Bad
175.05,99.87,169.85,Bad
172.41,99.87,169.27,Bad
172.1,99.4,170.1,Bad
172.17,99.4,169.56,Bad
172.46,99.26,169.15,Bad
171.25,99.33,169.26,Bad
170.75,99.46,168.97,Bad
170.75,98.71,169.09,Bad
170.75,98.71,168.23,Bad
170.49,99.46,168.23,Bad
169.98,99.46,167.72,Bad
170.24,99.4,167.88,Bad
170.15,99.4,168.11,Bad
171.91,98.65,168.34,Bad
171.38,98.65,168.05,Bad
170.32,98.65,167.54,Bad
170.32,98.65,167.25,Bad
170.32,98.65,166.96,Bad
169.79,98.65,166.39,Bad
169.7,98.65,166.32,Bad
169.84,99.06,166.11,Bad
169.48,98.99,165.82,Bad
168.64,98.65,165.47,Bad
168.53,98.65,165.39,Bad
168.41,99.12,164.95,Bad
168.35,98.37,164.51,Bad
168.4,97.59,164.56,Bad
163.97,95.96,164.14,Bad
163.27,95.54,162.97,Bad
163.63,94.69,163.66,Bad
160.37,93.87,162.17,Bad
152.84,90.0,160.83,Bad
148.81,88.67,159.56,Bad
149.5,89.1,159.68,Bad
140.76,82.65,157.86,Bad
144.89,84.73,158.53,Bad
147.88,87.83,159.33,Bad
147.77,88.28,158.94,Bad
146.41,87.88,158.01,Bad
147.85,87.47,158.44,Bad
147.45,87.89,157.96,Bad
145.46,88.3,157.53,Bad
145.93,88.74,157.23,Bad
144.39,89.58,157.06,Bad
145.66,90.0,156.89,Bad
144.85,90.0,157.36,Bad
144.93,89.58,156.63,Bad
146.03,89.57,157.41,Bad
138.48,88.7,155.67,Bad
137.1,88.7,154.8,Bad
139.07,88.3,155.56,Bad
146.22,88.3,155.83,Bad
146.22,88.3,155.83,Bad
145.84,88.3,155.56,Bad
140.53,88.29,154.8,Bad
145.65,87.88,155.42,Bad
149.52,87.88,156.04,Bad
153.75,87.46,156.31,Bad
157.12,87.46,156.89,Bad
160.1,87.88,157.58,Bad
160.54,87.88,158.14,Bad
163.21,88.72,158.85,Bad
162.72,89.14,159.48,Bad
162.24,89.14,159.78,Bad
165.74,89.57,161.27,Bad
166.64,89.58,161.96,Bad
168.39,89.58,162.54,Bad
167.91,90.0,163.03,Bad
167.6,90.0,163.12,Bad
159.17,102.55,165.34,Good
166.31,99.08,168.78,Good
166.52,98.89,168.73,Good
164.94,99.12,168.3,Good
165.34,99.12,168.26,Good
165.48,99.08,168.0,Good
165.61,99.12,167.52,Good
161.66,99.15,166.23,Good
160.82,98.92,165.96,Good
155.58,99.23,164.27,Good
154.56,99.31,162.59,Good
155.32,99.34,162.39,Good
154.2,99.66,161.91,Good
153.82,99.54,161.42,Good
148.66,99.58,159.96,Good
150.46,99.87,160.04,Good
150.43,99.91,159.62,Good
151.83,100.19,159.57,Good
154.49,100.11,159.39,Good
153.79,100.06,158.99,Good
153.55,100.06,159.19,Good
152.96,99.82,159.32,Good
152.5,99.82,159.52,Good
151.61,99.82,159.54,Good
150.19,99.7,158.99,Good
149.29,99.34,158.95,Good
149.29,99.54,159.3,Good
149.36,99.54,159.84,Good
149.5,99.42,160.43,Good
152.63,99.19,162.58,Good
153.43,98.96,163.14,Good
156.31,98.92,164.59,Good
155.08,98.78,164.82,Good
154.38,98.33,164.35,Good
155.93,98.03,166.49,Good
159.24,98.03,167.54,Good
162.92,97.32,170.16,Good
162.04,97.1,169.79,Good
163.75,97.1,170.44,Good
167.42,96.68,171.93,Good
173.26,96.63,174.62,Good
172.16,96.15,174.66,Good
167.91,95.71,174.11,Good
170.3,95.23,174.33,Good
169.46,95.04,174.51,Good
168.45,95.02,174.49,Good
170.67,94.62,176.03,Good
170.37,94.38,176.28,Good
170.5,94.16,176.53,Good
171.56,93.51,177.36,Good
173.58,93.51,177.98,Good
172.96,93.3,177.57,Good
173.07,93.3,178.0,Good
172.99,93.09,178.22,Good
172.99,93.09,178.42,Good
172.9,92.87,178.22,Good
172.82,93.09,178.4,Good
173.56,93.08,178.41,Good
174.47,93.08,178.81,Good
174.45,93.3,179.21,Good
174.68,93.29,179.21,Good
174.68,93.29,179.21,Good
174.95,93.28,179.41,Good
175.26,93.26,179.61,Good
175.26,93.26,179.61,Good
175.03,93.28,179.8,Good
175.44,93.28,180.0,Good
175.01,93.06,180.0,Good
174.47,93.08,179.81,Good
174.47,93.08,179.81,Good
174.24,93.07,179.81,Good
174.72,92.85,179.81,Good
175.24,93.07,180.0,Good
175.07,92.84,179.81,Good
174.94,92.61,180.0,Good
174.96,92.4,179.81,Good
174.66,92.4,180.0,Good
174.72,91.52,179.62,Good
173.81,91.52,180.0,Good
173.56,91.31,180.0,Good
172.76,90.88,180.0,Good
172.17,90.44,179.61,Good
172.17,90.44,179.61,Good
171.94,90.0,179.42,Good
153.99,96.08,159.68,Good
154.0,97.88,158.03,Good
146.48,98.71,155.45,Good
145.64,99.18,154.97,Good
140.27,100.32,150.93,Good
138.01,100.58,150.28,Good
136.02,100.75,149.41,Good
129.94,101.01,147.56,Good
127.86,100.84,146.86,Good
125.66,101.09,145.5,Good
125.78,101.14,144.95,Good
125.95,101.35,144.55,Good
125.61,101.35,144.11,Good
125.95,101.35,144.15,Good
126.54,101.79,144.15,Good
126.95,102.0,144.5,Good
127.08,101.96,144.95,Good
127.12,101.7,144.8,Good
127.91,101.65,145.05,Good
128.37,101.61,145.35,Good
129.99,101.65,146.06,Good
130.83,101.4,146.26,Good
132.17,101.18,147.33,Good
135.47,101.18,148.84,Good
136.9,101.14,149.68,Good
140.46,101.22,151.91,Good
143.71,100.67,154.8,Good
149.16,100.25,157.48,Good
149.48,99.64,157.77,Good
153.65,99.72,159.35,Good
164.58,98.81,165.87,Good
164.45,97.82,167.47,Good
167.28,97.31,170.47,Good
170.34,96.22,171.45,Good
171.84,95.8,172.83,Good
174.22,95.37,174.63,Good
174.12,95.37,175.39,Good
177.3,95.39,176.03,Good
176.17,94.71,176.42,Good
177.94,94.3,177.58,Good
179.47,93.87,178.39,Good
177.58,93.67,178.58,Good
175.97,93.24,178.17,Good
176.71,92.84,179.18,Good
178.38,92.62,179.18,Good
175.72,92.15,178.78,Good
177.07,91.95,179.8,Good
177.15,91.96,179.19,Good
178.22,91.97,179.8,Good
178.14,91.97,179.59,Good
178.39,91.98,179.79,Good
179.19,91.97,178.56,Good
180.0,91.97,177.97,Good
175.71,91.31,177.33,Good
173.74,91.53,176.58,Good
169.48,91.53,174.86,Good
171.54,90.87,175.53,Good
171.31,91.09,175.3,Good
171.16,90.87,175.12,Good
171.46,90.66,175.3,Good
173.63,89.78,175.66,Good
173.08,90.43,175.66,Good
176.48,90.21,176.98,Good
176.58,90.83,177.13,Good
173.52,91.43,176.32,Good
177.37,90.81,177.87,Good
175.8,90.2,179.58,Good
176.36,90.59,178.73,Good
178.26,91.39,179.57,Good
177.95,92.35,179.36,Good
179.65,91.92,178.93,Good
179.64,91.72,178.71,Good
178.91,92.11,178.48,Good
179.27,92.28,178.24,Good
178.88,92.65,177.14,Good
174.29,93.1,176.3,Good
174.85,93.37,176.85,Good
175.42,92.99,176.85,Good
178.16,93.45,177.56,Good
177.52,89.14,179.43,Good
171.57,82.87,171.68,Good
171.3,83.34,171.87,Good
171.3,83.34,171.68,Good
170.16,83.66,171.51,Good
168.65,83.68,171.38,Good
166.77,83.88,172.28,Good
165.16,83.92,171.95,Good
166.37,83.97,172.13,Good
168.01,84.14,171.9,Good
164.44,85.0,170.1,Good
163.87,85.85,169.78,Good
162.59,85.68,169.51,Good
161.22,86.52,168.91,Good
159.16,87.18,168.09,Good
162.22,87.42,168.8,Good
159.93,88.7,168.18,Good
162.56,88.49,169.09,Good
161.97,89.13,170.17,Good
167.68,89.14,174.79,Good
174.18,89.14,177.05,Good
173.79,89.79,178.06,Good
174.32,90.21,179.34,Good
174.32,90.21,179.34,Good
174.26,90.21,179.12,Good
173.83,90.21,179.12,Good
173.22,90.21,178.89,Good
172.61,90.21,178.89,Good
172.57,90.0,178.67,Good
173.14,90.21,178.67,Good
173.45,90.21,178.46,Good
173.35,90.42,178.68,Good
173.59,90.42,178.89,Good
174.54,90.42,179.12,Good
175.87,90.42,179.12,Good
175.89,90.63,179.12,Good
175.26,90.63,178.9,Good
175.53,90.63,179.12,Good
174.83,90.63,179.11,Good
174.78,90.63,178.89,Good
174.45,90.63,178.66,Good
174.45,90.63,178.44,Good
174.42,90.83,178.43,Good
174.39,90.63,178.44,Good
174.72,90.62,178.66,Good
174.75,90.42,178.67,Good
175.07,90.42,179.11,Good
175.07,90.42,179.11,Good
175.04,90.21,179.11,Good
175.7,90.21,179.33,Good
175.73,90.0,179.32,Good
176.05,90.0,179.55,Good
176.05,90.0,179.55,Good
176.1,90.0,179.55,Good
175.7,90.21,179.32,Good
175.68,90.0,179.55,Good
175.7,90.21,179.55,Good
175.96,90.0,179.54,Good
176.65,90.21,179.55,Good
176.57,90.21,179.54,Good
176.88,90.21,179.77,Good
178.94,90.0,180.0,Good
179.65,90.0,180.0,Good
178.23,90.0,179.54,Good
177.16,89.79,179.08,Good
177.16,89.79,179.08,Good
177.16,89.79,179.08,Good
177.12,89.79,179.08,Good
177.16,89.79,179.08,Good
177.14,89.58,179.08,Good
177.14,89.58,179.08,Good
176.8,89.37,178.4,Good
176.8,89.37,178.4,Good
176.76,89.37,178.4,Good
177.12,89.37,178.17,Good
177.84,89.37,178.17,Good
177.49,89.58,177.94,Good
176.07,89.58,177.48,Good
173.58,89.58,176.79,Good
172.17,89.58,176.58,Good
170.77,89.58,176.35,Good
168.69,89.58,175.91,Good
167.66,89.58,175.72,Good
177.0721173950075,90.7433172916666,177.23706672875116,Good
174.25470756168332,92.8956407636789,179.29544979134198,Good
175.00231925583358,93.1139189565674,179.4399261134039,Good
148.8281359109892,98.281619715615,158.1063436220214,Good
155.6012263283978,88.10821017592703,169.18008184245707,Good
156.2053580785659,97.1302378422204,164.9592092370097,Good
164.3467303320991,83.01221426882144,170.12477455781615,Good
174.35105906116434,90.1875732736698,178.63351927926666,Good
168.36259079796227,94.76452567588116,174.59033365610622,Good
151.05166926356117,99.69561003059466,161.31131627689527,Good
174.61283859602767,90.38259498425458,179.54555616678013,Good
176.9995288802496,93.42533363937358,182.4490065084268,Good
143.18742583146306,99.16878887298542,156.19781597019144,Good
142.0409516840759,99.69796195011833,159.54605349318007,Good
175.77349291589542,89.83090498884691,179.54581886589847,Good
143.75953959028095,98.53444724064217,155.45256620348616,Good
169.38789978071642,84.547593359318,171.41596256495637,Good
178.69176910684166,93.75884340744244,180.78932041906663,Good
151.33354868042673,100.43970661336422,158.8390053682616,Good
170.0046046765155,97.40475579146076,170.48450207529586,Good
149.53062214902607,98.2940568041726,161.53207085380495,Good
145.19953923604336,99.7659263146008,154.73173364549294,Good
173.64008155796293,93.71952547898324,179.44952851292075,Good
146.17052995829457,94.1328812364367,163.69861697852207,Good
142.5104282527344,101.19866385949058,154.4866169798739,Good
170.6354790646446,91.0534334159092,174.26187804329555,Good
175.41364456126988,93.53075539519938,177.72042260066854,Good
153.695859102808,99.85739563282269,158.38521362962342,Good
171.26588042353418,91.44647152080596,174.14255042075507,Good
155.95656988140544,98.6891026716318,164.7760667609031,Good
179.39718720247237,89.9266359527893,181.6953135860298,Good
170.58103263462445,90.72896114576982,180.36246370713968,Good
148.73873074740962,98.83008498006647,162.97998402898318,Good
147.24342718797087,99.75680064650462,154.74425030124135,Good
159.2296601100754,96.2249520362311,165.568840500312,Good
158.63472967345365,98.75338666146384,165.9937776291975,Good
171.0928872025533,96.76683210240544,174.51591872475808,Good
173.90748154309185,90.47457488349032,176.21245605632546,Good
174.09251745107497,94.13501532928596,179.53257209015013,Good
170.99966351888287,92.75069608819874,174.7909512640001,Good
157.21326347585455,94.72282872461112,167.77633829439844,Good
155.63939646049943,99.49962134004852,161.9653300566896,Good
176.50867047402895,89.67516014447494,181.46815158783676,Good
162.6846944817873,87.54810679100291,173.30595663616316,Good
175.62255151115608,91.35190055152552,179.98593996491783,Good
174.14591762095694,90.68951826345236,178.20632056222945,Good
174.3895989235643,93.1506347060456,178.3166755136793,Good
170.23535090641485,91.75534990513486,179.47246871918446,Good
127.71109446950568,102.47816876268791,146.02829327911093,Good
149.89018357961672,99.43031062820046,156.20076931544693,Good
175.8920875578628,93.5437054974817,180.33916794314595,Good
174.0054393078105,90.31080053899132,182.1236346750273,Good
151.0137136523013,99.27407938895624,158.99950776600977,Good
174.68450503954756,92.31610535353155,178.48904776265064,Good
163.23232289883688,99.8124605278303,169.33620554735228,Good
153.0268970484617,99.2347932970676,158.84914366202062,Good
173.25397443579155,89.4288858101778,175.83899490271995,Good
152.2771038296896,100.677598595264,158.3269206648076,Good
173.78878065451443,93.15929325188915,179.32536164061628,Good
162.2053211335067,98.00627754127083,164.71719992555134,Good
152.83081798664844,99.91750685066764,157.20814851539131,Good
164.39498053754411,98.30472228753044,167.49505854787546,Good
178.10912184452974,94.13518242654862,177.9900192456343,Good
148.17726914749215,99.2748657836644,156.9294316157691,Good
169.22205866117915,88.75221698003756,178.55329257501774,Good
133.81145600926143,101.58307966557264,145.23022130021482,Good
160.90818494540397,88.25591796667702,172.2017579979521,Good
167.132675555542,95.52068783928272,172.65009344939023,Good
156.85492891367022,98.55273318690342,165.3496343982511,Good
154.9388680306746,100.03800764473272,156.59444533458884,Good
176.31745198679218,89.40456455396797,178.23666309415353,Good
169.98360904591877,90.55039358359896,179.1925558214889,Good
125.81785874902968,100.6496414645404,144.84605716995506,Good
181.889792939064,92.37025051496975,175.97009739487126,Good
171.25946027480768,92.41563612807072,176.0855534270705,Good
165.25954817075248,97.50677112676544,168.779535971795,Good
172.71236228959262,90.83004966126484,182.78592512246385,Good
175.27141860196397,90.85106652320758,180.95850104926583,Good
174.61054604286625,89.55869332615391,181.1960564167899,Good
162.9601662025539,99.09234527375386,166.1879136353703,Good
127.13283418444728,102.53797423951411,146.6223858483591,Good
177.05235547930485,91.51922389543086,181.6774119005359,Good
153.4130628288638,98.60478898206787,164.60803815081468,Good
173.5152734320663,83.9921279918048,170.18437783840554,Good
177.17242041805395,90.55895403437952,180.61763930391535,Good
165.581554682069,84.06771420802305,171.9627484829564,Good
154.9095829764194,101.49016230622088,159.47298253625436,Good
150.1914184176057,99.9812227587951,160.9279400075318,Good
124.83234924178753,102.1879270384463,146.7922607333108,Good
174.85624245178283,89.63611582337748,177.1020840536575,Good
172.6876454167021,92.7852017357026,182.1180674277584,Good
160.14523520291203,89.03458665140738,171.10176496793343,Good
174.668579597818,89.88621612475008,179.63061697569592,Good
156.56924095955904,100.12769930772689,163.4994570219662,Good
177.27389486673255,91.80044596134734,181.3323452072131,Good
174.63806198366422,89.6916860925735,181.8122372727706,Good
173.49469588647906,93.56230740680984,173.04902862820404,Good
175.6446233154781,90.4943173702888,179.07125308589048,Good
165.95602530712813,99.17121266642614,169.62355563714962,Good
168.3868160066601,89.78900466381931,172.03857793503175,Good
172.09088134453495,91.15491497533432,179.258087092692,Good
161.4044602583789,88.85587022153521,168.93154162570497,Good
179.31620709792875,90.42858455523827,179.7812939902683,Good
156.55386863442942,98.83121983143604,162.79572138390358,Good
124.9456502314656,101.16721914053365,144.7579142730432,Good
158.02435409089665,98.83483187079642,165.78686805196207,Good
170.003250402472,97.00616773149336,174.73425290976428,Good
176.1314577824143,93.67974267999998,180.131602104632,Good
178.4173516337743,91.87872275031938,179.1454896018061,Good
175.99562740606592,90.08184194685728,178.83446567334596,Good
175.31322320644708,88.72937475611279,178.7292678188415,Good
146.98221723421392,100.52833436323256,158.43590307267314,Good
173.4533365257235,91.98843680988186,179.63407530159586,Good
147.73854548294682,98.35696771288636,160.40959423834812,Good
145.9510503250119,98.59197545802328,163.9588599566698,Good
161.29307959186676,86.33789091964108,170.26916834248834,Good
177.067218548172,90.77690315725548,179.30715146629854,Good
163.00910074054988,98.2247867273301,169.74125486550622,Good
164.61662184973312,87.8604483152774,170.34258414846053,Good
174.80010708350264,88.75157396986224,177.55123956491428,Good
166.16506677830608,97.94478837551036,171.01857526141998,Good
176.64083854959077,93.85197813689378,178.00154436568985,Good
159.5120881912163,100.36581692865052,166.8569307475046,Good
170.00059860598614,98.80178697116015,169.50714300941138,Good
172.12247054151447,94.95042875573633,176.1072756611532,Good
150.74776040185478,93.00627378636916,167.265382037031,Good
168.45975606434996,90.40279086668916,175.28709556682915,Good
150.04628790384342,99.62888235266432,160.38493051644735,Good
168.22993227848934,93.2118558478908,173.81500176838358,Good
177.02886467520986,89.89369434255306,180.14781136114712,Good
149.5906601340939,98.63773413260394,160.76237414579478,Good
157.61283397802512,99.60572439819292,166.1608914348933,Good
175.9818265801454,91.26455098028748,182.48830713691547,Good
175.97804033977687,90.22079701579648,181.73498338926825,Good
172.00660268486402,91.03467593638815,178.58479749930004,Good
173.87192068259196,92.66986651979089,177.12173696056456,Good
131.77782560753752,103.5054087445406,146.49900364373684,Good
169.00873681264997,94.44637904371793,173.91473430107055,Good
176.2063573017549,91.80366489718918,181.30022039328145,Good
164.2610731279904,85.1166732609002,171.70842201766956,Good
176.65516155106306,91.9238295245994,180.96751933873048,Good
179.05817965367004,89.48399730467384,179.35579270364806,Good
182.58494799031203,90.6181851866883,182.82485839500103,Good
145.45963699601677,99.9404347047686,163.57169529462493,Good
170.30525690979937,83.3403747675052,171.82057712644826,Good
176.9904566004366,88.87944119236217,174.5870496912957,Good
160.04441375558292,89.08308657264885,172.05640999410645,Good
161.11346181410403,89.2533892528676,169.1924891758697,Good
176.95858263306727,93.55180215813697,181.09380015440655,Good
124.8998587155076,102.42318454362174,148.6696156692275,Good
176.4890249394646,90.26998133644648,178.56809679970226,Good
122.3834809417128,100.7179709653518,144.2860361464278,Good
176.2947864514031,93.87566852785162,177.0218638151046,Good
173.7465450345604,83.15170548311654,172.4723560704478,Good
160.52963900907315,102.81518559951084,161.8899982432074,Good
169.78435525754773,97.46879172545243,168.87892587364857,Good
177.1512461049035,94.94036351617368,175.93294462114554,Good
173.84506914603233,89.93689656909106,179.6219920832328,Good
138.64831308055443,101.05740534659202,150.53929740082236,Good
174.943603568342,89.46199065717141,179.48349310919545,Good
177.10166542067904,91.6295344703615,179.51592975244225,Good
138.92844991555495,100.94342729142076,152.4093839761198,Good
176.86210594180633,94.87626816303388,177.22348444586052,Good
165.64417697884377,98.9660682784458,168.7834316183086,Good
173.83131188274464,89.33580937861817,180.60145281603,Good
163.94907841695218,99.55180208752928,168.34492310623722,Good
149.45804046671725,99.01137317017816,162.45797399523178,Good
174.18695684637012,91.06241675797588,176.96109105479286,Good
173.50574627527382,90.46316756804404,177.19631798173904,Good
174.94954411143846,92.28774080431342,183.01191997123843,Good
175.35165211942288,91.75472335078427,178.76452130085994,Good
174.23083808675543,90.86701554853452,180.5841267046893,Good
176.82220307936333,90.22546646018488,179.56656708361078,Good
176.78512227988844,91.22493932676122,180.17615501950547,Good
167.05777966230224,98.69772197192492,169.03378787665952,Good
150.30911609925917,99.09104606203466,157.449320631263,Good
171.16727822184922,95.92455492736154,173.01399331636588,Good
150.62977775168213,98.38226051299878,167.41238433606242,Good
176.52280446966964,89.92833155536474,179.55058684935406,Good
181.3801704277504,91.32512977947474,176.62289196147128,Good
155.17926366857083,99.5186190624282,161.69563812593734,Good
173.75479569287225,92.923096064613,179.74591293422696,Good
173.86809056477082,92.38194641595598,174.24510679903796,Good
177.1414104320475,94.34322535361072,175.93322785010707,Good
154.87542305232995,96.66296170611726,164.00020529822106,Good
168.9679104072237,84.30978043556259,172.92985773460634,Good
174.14120354705838,89.55529313204607,175.2569669376755,Good
158.48936892876188,99.66762358684504,168.59430368736363,Good
127.49840162296704,100.7244189733265,144.59598739127907,Good
151.82855111552584,100.75394558859584,159.94597791053764,Good
173.8887765311424,91.14589123624933,179.09712265107527,Good
161.01311794655612,97.65176909307256,164.8058059645968,Good
159.39061828557777,102.5091102431417,164.86147006534276,Good
129.1353528312278,102.61375189482456,148.5988524962178,Good
148.90065125857672,101.18537502406006,159.02591936235467,Good
178.93525383582914,92.41254162185764,177.66433309946515,Good
174.09059770724758,91.2564749432376,181.20707720188977,Good
176.00754711674628,90.98349823819316,180.03066366094163,Good
147.028768620184,98.45624343610716,155.26756914803042,Good
176.9107208898434,90.2771117417794,180.36043937862263,Good
179.9098554951065,93.3960192964726,177.40955811529273,Good
176.66545524136552,90.59570598642787,173.47402783798086,Good
126.69851617959247,101.13360222209616,143.9266976790912,Good
174.79559110450302,93.47761137433584,181.86747471399065,Good
173.12918056891166,97.23256587516296,171.46513764495774,Good
172.5338053930311,94.04453519451734,178.96431669661914,Good
139.9828679367875,100.79515857028753,151.48291889579875,Good
126.7368240012239,100.69776908739767,146.42459726331944,Good
175.593033959599,92.56032853913167,175.75377552379317,Good
135.2002502101348,102.08574850302304,148.57930522456465,Good
171.43235916546035,95.96575533374276,175.87898650406174,Good
148.44058455622874,98.99058997210103,160.2030741931047,Good
179.6258742200246,90.65715157457296,179.3539573325063,Good
172.23954643047432,94.58876854060117,174.63981277287613,Good
171.77277589521336,92.8749996492325,181.0811663204812,Good
180.27641530401968,91.24165741116192,181.524963420513,Good
151.12404969626627,99.57545308747606,159.85176483754185,Good
171.1992187386013,95.85450896783708,174.981403961431,Good
173.28711096818313,92.08497142672104,178.49215289641035,Good
164.2825738627098,98.67542518635032,168.12073145113055,Good
176.10788320433048,93.74558967590232,180.99992156878125,Good
177.20933158274397,94.84282493268525,176.1078467187922,Good
179.7922441992406,88.2537943290497,180.68450079263343,Good
173.97531327807943,90.44934770386828,180.27034594791544,Good
164.7406482019723,99.54768227826813,163.94590593197597,Good
152.4680465718129,100.367551618669,159.06740161700552,Good
178.43112633388267,89.83810330756566,179.23877261841642,Good
182.8454856421892,90.3709488869796,180.7532623493792,Good
127.63661218723922,102.18442544261812,146.65946599537963,Good
158.81220154503237,98.73009216874873,167.60587707961017,Good
150.400007662573,99.95577327911109,160.1377533029315,Good
175.02126727308286,89.12731510033501,178.24407179848717,Good
177.68958965520775,89.79005591500382,180.4473042772105,Good
174.75216701069346,94.12244683899264,179.76248060050293,Good
167.5211323701282,97.16156971612315,172.79505205327638,Good
153.2934680180905,100.06123738892902,160.55580329943467,Good
173.42832338787534,90.3097194553208,180.06014035904607,Good
174.05870192362937,89.40261649310082,178.97263899847655,Good
165.05790512182116,95.4697967924738,174.720655135348,Good
173.80952627470154,89.4608530885814,179.20916787587186,Good
127.7135817870289,101.67640424317683,147.01456691993394,Good
127.90113703367616,100.52992287161636,144.93267156592646,Good
175.58407152099957,88.9724799101735,176.85806855408518,Good
177.95024871767436,92.50367333923415,179.161005534863,Good
166.01438648958987,98.54156556226069,165.98148082026717,Good
133.371518717801,100.90978924262085,148.11480653499206,Good
127.21210308548748,100.6874520957152,142.76111776464512,Good
178.11760894433195,89.98242958379784,180.1662979088624,Good
162.00978522686333,97.86429182687448,173.83519775123858,Good
165.6534628560176,96.41736668285284,172.78918304481763,Good
173.8644904339299,93.13223845475764,174.94270794582948,Good
168.7782564659449,83.89829493145372,169.8905646432365,Good
158.73873896999928,95.1855033263566,169.35399381704272,Good
170.91277035367412,90.5781933852294,178.19814400602948,Good
160.255722339738,88.06110512671407,169.45817598947656,Good
174.01867554376847,93.33454828228116,183.1304137294232,Good
162.5357360028921,86.04981989174264,171.0259736803305,Good
173.61466338785027,90.03912805121185,180.72681503720247,Good
179.1602283063839,90.53431109502948,179.63697831711497,Good
174.03411857851498,92.58714195550697,175.68478612795676,Good
173.4015870469492,90.97514631048423,178.93308299766585,Good
173.48136845330322,89.63255638224909,178.24440357630013,Good
174.2441840815284,93.05494043449885,178.06506402687043,Good
174.9805756956107,89.88545693211626,180.7199476915888,Good
164.6864956399739,100.11631162674529,167.80420924412206,Good
178.77205837331374,90.7744668984684,180.30565575407735,Good
176.80974159154124,90.10045156351022,177.8428205720898,Good
175.74487978671223,90.67188101466128,181.49913679456117,Good
176.9221960887196,92.81656105672452,180.1369605750662,Good
156.18609495634212,97.29794959550544,168.62934630764147,Good
172.3477406459221,89.63182268561403,177.08541366613372,Good
173.5893985014749,89.79896391834686,175.91763881245353,Good
175.47202322782732,93.40965238885435,176.66673073727566,Good
126.01377490457186,102.12217105094224,141.8339806419332,Good
125.91697590137282,101.82707231044772,143.4935420750377,Good
126.08109193371342,101.91335271833036,144.34039760272273,Good
178.32273384501292,92.76684106191502,178.65824871221204,Good
168.96319460998393,92.3488787952034,179.99895542536402,Good
174.45733738088398,90.62857509537046,179.24852476938523,Good
127.53867089275292,101.37099900124475,145.5279301894236,Good
172.35621309826308,89.15512599926977,181.99290424912783,Good
171.45510137930944,93.22962681194215,177.93841579501563,Good
178.43028579084157,94.07414356565454,175.153604845886,Good
174.22040237876442,96.67386929026624,175.03572993810823,Good
174.3828554595932,89.5050175405935,177.90351651393502,Good
177.52730988999605,89.20889000867903,179.92729166595973,Good
167.66715163408517,96.54190465870654,172.35070653250463,Good
124.90575599815196,101.33003390206056,146.33445794309958,Good
177.28501391547942,90.1581009055593,180.3577350946845,Good
179.553410047782,89.62784527500587,180.87034058613912,Good
179.52536289594855,92.90904278896684,182.70177281572225,Good
153.78675195582483,100.79660878834012,161.0283659774279,Good
166.29645616674958,97.16869801210724,168.7896675217222,Good
136.5268293447661,101.29703021555494,149.64739439120282,Good
128.5084910931457,101.0788669628931,146.70938067229164,Good
172.69103837866473,91.54353245449848,176.6759397833299,Good
175.9550111749262,90.48348147389346,181.264527676486,Good
175.58892149532605,92.92308302337165,179.44695427969063,Good
175.27631103171652,90.676641685186,177.70875173357652,Good
155.22875355438646,97.30744328281256,164.3817438142874,Good
172.43107611982816,91.14821659545512,178.22343051361338,Good
155.9421949412385,88.00760542389368,168.2953395161613,Good
153.06137158113944,95.70719680624104,156.10504964610928,Good
177.2698120827896,89.62063736670102,181.0496401781286,Good
173.21759928109748,91.62687473338326,179.5414751675279,Good
150.8407848008607,98.84441190095652,161.1374506245726,Good
173.44427563927613,94.807652826867,176.92430333741476,Good
174.70190054840438,90.36098574651363,178.48212785348008,Good
174.34988852769033,94.51120519373282,181.5267493187343,Good
174.59240243398904,96.52962368320932,174.41167358624972,Good
164.23957758556762,89.89710817176204,173.47815099621266,Good
172.5227862096355,90.46547609295276,179.0243579977919,Good
175.87167529852684,90.85373846579972,177.1354024938658,Good
176.73528163971525,89.05579949529944,181.09824174797288,Good
157.8487968369775,87.56408324235167,167.51389365043502,Good
172.7714185873984,92.43927838506067,177.4636269264732,Good
150.3661115515439,91.78055269646646,164.79366469710493,Good
175.82879687597847,90.58308085185564,179.06623018064118,Good
179.31521930644504,91.58302077318312,176.96192347230732,Good
146.4624488082274,99.30727601203871,155.23593057529106,Good
174.89306861471837,90.54282547288872,176.33421883493352,Good
156.07266937051648,99.09650715027068,166.37708982507232,Good
150.85169322547384,99.11739709886984,159.9821558761055,Good
149.26811384617247,98.37342380591056,158.6345999444017,Good
127.82738450908172,102.67896869188203,142.2034409462362,Good
179.87756989433072,89.6076958435736,180.31366834059824,Good
165.1459992557207,84.70670155621448,170.83354678987826,Good
175.45216417611752,92.30436862314173,178.2380686229869,Good
173.6152299907612,95.34879583165296,174.1408954980277,Good
177.3909327420107,90.55793273390135,177.06062289313178,Good
139.26170268419065,100.59576709256449,151.14545977989482,Good
175.29937854877747,89.58521081661047,178.39768842816673,Good
171.55669974455262,95.93560927467269,173.04000639915634,Good
175.4550705960388,90.1507228723035,180.606489882245,Good
173.90162309410258,92.97422183554303,176.6702562507216,Good
125.6283420938144,100.47810886480458,144.19122703993844,Good
156.1521344880608,99.23456984494484,167.94050410725652,Good
170.58774422450196,83.98533086750811,169.64531892556167,Good
173.14257479115696,89.26064289853292,179.47765129895367,Good
179.4001787410675,91.7932847823581,178.6136268254753,Good
166.27213153228448,99.38415187459964,166.62106506846158,Good
158.24641122215797,87.17390697482256,167.9438570812001,Good
177.42659300973526,90.19384985693786,178.51547420307543,Good
162.0188703823665,88.25282098887872,168.47564890198458,Good
164.13044039321156,98.09879251528707,166.19833557202188,Good
157.62539184180227,97.90732947277252,166.06894746987234,Good
160.2367804238785,86.12546279537771,166.0998729483542,Good
146.26757554002816,99.22659970355906,159.66115472077382,Good
162.18569664431962,99.8875462591084,165.92063376801067,Good
128.11682155004027,101.87476934488102,143.6783513057871,Good
172.00162727452374,83.28149327767501,174.13870230603715,Good
177.06809343823102,91.63680483693426,180.9728374439572,Good
176.12444552803072,90.05654999256231,176.88951567284195,Good
169.7596842710586,84.08527925581436,172.75979584346572,Good
175.9094327780317,93.4789688798675,181.52862758312185,Good
125.86277368531732,100.1787609264917,146.07738101876973,Good
154.02822033414327,99.47718988922652,163.01396578032046,Good
167.61316988149036,90.85631170984844,175.54361802692398,Good
148.13344131199258,93.70371860696471,163.67762637738707,Good
173.86840952537685,90.65595528539754,176.4463197739331,Good
176.9533648308641,90.485080523652,180.8005629489689,Good
166.43161408208272,84.91525420891644,172.11213229207615,Good
175.04052731968048,93.8656980542575,177.98380713041263,Good
175.47769473420666,90.06393106669687,176.79825192023682,Good
179.8585172846566,90.27840349201564,180.06314512507157,Good
154.78846018547873,98.89174975228958,166.90460157292415,Good
163.76260675577996,90.21428217700836,174.45963983193104,Good
167.14981432538127,93.5628710731796,172.75973760114482,Good
174.4801491206392,93.79767585509484,179.2004732721191,Good
176.26006330301877,92.13860861007753,176.1066228198586,Good
127.69430505597056,102.24142284251135,145.95506820723858,Good
161.36423445071642,88.25659423094832,170.0816336060127,Good
176.93437805276514,90.45387733159164,177.42753121292364,Good
155.86427793484057,101.39602893026564,158.52477480245534,Good
172.94862239049033,89.98223070373665,178.6351451133689,Good
175.38692033101677,93.78853669227492,178.48499710358993,Good
175.76335723661663,92.5471720498266,180.42886116506085,Good
175.21442852732886,92.86837061574332,180.3151160250112,Good
176.9380651241718,90.81712270171568,179.60127831286394,Good
161.8843200698897,88.89042059994313,174.6718734050712,Good
175.27372479938276,90.42643055178692,178.6419505929798,Good
172.43511311991682,93.09785218137031,178.05410916034054,Good
176.35629040023025,89.96596277999842,181.80758117970143,Good
172.77719187563878,92.86045531718112,176.4203896274972,Good
136.04050832638023,101.51254057321356,148.62328239113984,Good
136.89574389381474,101.5533714517231,151.2494610771041,Good
162.9241451712778,85.86176343584454,167.62548971467902,Good
180.1567966741576,92.12894599482485,176.91370748231827,Good
170.40090812898907,95.83464313296986,176.12722530023564,Good
156.70266765392944,98.589379146389,157.34522228086416,Good
176.52983978566476,89.91923715476493,178.50918009917984,Good
170.38547177980115,89.32555483283717,181.58732150503653,Good
173.1012057995737,92.3187670610962,178.9772168248131,Good
156.26985774433342,99.06420383252954,163.0105492169417,Good
175.77190871727015,90.46197528208538,181.2046392021905,Good
175.65173767009003,92.9659371986697,175.36485789096156,Good
174.05716993649636,90.42799372169752,180.28261668992263,Good
129.50415779044317,101.58279224726807,144.78256494869515,Good
174.1117573091034,92.53642822391714,179.39904547000924,Good
148.2772157207504,100.25369576122044,157.66956261180883,Good
166.22157177713405,84.37702178667064,169.96309118939857,Good
173.50306309631145,94.83207658608792,179.92052812507347,Good
171.6795516062385,92.6806394406542,178.20708710467284,Good
177.48136122904285,89.17907035482726,179.5336954785041,Good
158.40802860552665,94.00484140861998,167.44675546918276,Good
175.57719526301258,92.85344761072732,178.24982937156886,Good
170.78528509951258,90.47190814390784,178.907037175902,Good
175.86837685755685,90.50915109071694,175.5529818766506,Good
151.5615498982431,92.76167311444888,166.70994523842543,Good
176.42249177982544,90.57760337210604,178.3039595181105,Good
174.6512099653673,90.57314359406516,179.35837583419527,Good
170.6187200840412,84.22518345740971,172.47134295641376,Good
169.15405329323312,94.57600431229824,176.74853726243856,Good
176.58169960577723,88.94530216729332,182.5062625473351,Good
174.13816962589414,89.66832011647695,179.40350678233676,Good
153.53565251636795,92.02376336632273,166.6633273918716,Good
179.10518365105582,90.3932586760343,180.075204410881,Good
171.22086111548944,89.34971159113154,179.81852567320055,Good
133.68854514684506,101.31275423967428,147.23261664568057,Good
173.60207961885502,89.61184881796889,175.44542079647854,Good
177.04056318039562,91.43469751849004,180.56099969571807,Good
149.49527386654077,101.47564401075218,158.4225795079958,Good
173.96080618257523,92.9822344430761,178.29306426079918,Good
173.82570882600749,90.25810233296689,178.13258321211484,Good
172.31609067816393,92.03653432089062,179.41762356030458,Good
150.29739838910842,98.21835511291177,154.82449350782346,Good
177.6452506606233,89.45423837678301,178.36003491638746,Good
157.90669693676944,98.62620016703067,166.49100022085617,Good
179.97401810295167,88.3590487838155,178.34594865631902,Good
172.18021954850195,92.65795398691532,180.21639005705703,Good
165.20849706176912,95.90002848657622,174.93400201702482,Good
175.4616443524216,89.24255709478516,178.57080143023074,Good
127.96074453786386,102.06586400472564,144.6503936104557,Good
178.80390190570128,89.92472234686261,179.78100612015868,Good
171.6064362344701,89.89465334594973,178.3420535436383,Good
156.06560780664358,89.2811349114754,171.46832917372953,Good
172.9477075442093,91.4944477198344,177.41848310802013,Good
149.40303674041215,100.28090551991524,157.7156552021803,Good
167.34032128791057,100.064875139743,168.6654931406624,Good
165.43163187954275,100.17665661583575,170.7583172315093,Good
168.61463862932516,94.20898802570942,172.8018450560092,Good
152.5814907441339,98.7379834907008,161.69737456042043,Good
177.88372370595192,89.03413297184699,180.95168398604892,Good
176.90921218775867,90.1341026392451,179.09272317349823,Good
147.92839496317256,99.07662933483738,156.64206068189043,Good
175.4685657282622,90.3537936419784,178.73133570612214,Good
148.7448022667149,93.84993033721328,167.61749378987147,Good
165.03948120542688,100.49683084806264,168.9244519300966,Good
160.80376160667365,103.21689005192808,162.93839535998023,Good
154.57950349738326,98.89990932087125,162.3722689890127,Good
151.1476505714328,101.13567607983238,158.78031817233725,Good
175.49699873928787,93.31380117964255,180.74597105713275,Good
174.80617038566865,94.01607960082312,179.21887326844495,Good
127.54939245177565,101.76798510178163,145.5308205790592,Good
177.0087403452356,90.73381160023249,179.14500413130938,Good
176.16735612217755,90.32596002508356,181.0723850670215,Good
142.42134713883848,100.6468991047214,150.3344209270749,Good
156.38290680574977,99.34994791752231,166.27202985383792,Good
173.75612819885723,89.89404867903123,177.77144939532818,Good
178.43867250601355,89.10308568885354,178.8115507595885,Good
174.49460945206414,94.1101491462432,179.99303827546493,Good
181.83589039689613,93.39192297277908,179.50172684396475,Good
150.11705357006807,99.50469345936489,163.04111255179376,Good
125.03696246882986,102.03987662188072,146.9758840221741,Good
131.35504944456946,100.2713914749374,147.38950922471392,Good
176.96163744656675,93.62075602190149,176.28998236363597,Good
174.51853396407557,97.12406670631457,174.24067652051048,Good
131.56723714773045,101.00826597599894,146.1514012507407,Good
176.93486926848422,90.39040086522292,180.1245501525476,Good
126.81813243080656,99.52609045641586,147.22382183352775,Good
175.33322552934123,91.14170649470763,178.35793570636957,Good
163.01640856132164,99.46656008192669,168.83246800254878,Good
177.38923964840973,90.50466411407064,179.11905394334104,Good
175.45881805428908,90.47579230407108,178.41553105952983,Good
156.36414579535398,97.95779883753286,164.7476321595268,Good
149.68021421786216,92.68051069250778,165.57379499844313,Good
172.66513589126782,94.09156111716057,173.50305415494208,Good
156.6285394687952,98.48008748731375,165.9652802589608,Good
144.73358515281066,97.68001372075848,155.23402961813684,Good
175.71599937284194,89.65373822735022,180.82745180327876,Good
177.6178943382525,92.71637474218528,178.13493670710895,Good
172.74374378452447,90.21321100185511,174.1840609843032,Good
139.653705217043,101.08077026390406,151.2240600006034,Good
175.949138591869,92.47735494265774,181.92945906104669,Good
176.22219061600498,89.82028091243411,178.18261458085033,Good
149.67930123882547,98.368302852405,160.41570601724462,Good
160.8233940298726,84.33287720290625,178.65527948763483,Bad
169.26713492604483,103.52673194508444,171.5169969947972,Bad
121.0027229563466,103.33495594024676,141.76364364291095,Bad
170.92310019648409,71.9443325181182,164.71020809891212,Bad
124.7436703417242,105.35453751575776,145.92015231070516,Bad
122.98498725224552,99.72289724581783,147.10407461236335,Bad
125.04980628433418,105.29830615867088,142.81720532024167,Bad
171.3167720831999,73.12206509573815,166.42389916848745,Bad
170.46226368580054,104.7080587887471,169.6754679980178,Bad
177.36491586077466,106.60116212273836,178.53600006384488,Bad
168.3574208235348,103.91466619455753,169.97886552831136,Bad
173.11911015525254,75.43552236919277,165.25608999081683,Bad
170.38340776680408,103.8361094546026,169.73008048415934,Bad
146.11266753339177,106.56170445924612,165.21852240113168,Bad
171.95780779193865,103.76759655522484,168.3359360788615,Bad
159.58838299711715,93.17319354598312,160.38999369644418,Bad
169.61926119863682,99.1098037366568,168.82964819959415,Bad
168.5466845139367,77.3844272733354,165.2203094230452,Bad
178.80206953167115,106.80041110838953,174.50751929642723,Bad
173.481818959856,73.78933711974292,165.86439697834166,Bad
174.4349780049572,75.06084955401607,166.0532878666752,Bad
169.51350157952226,84.05093669971238,174.05791428130075,Bad
147.2942372574606,105.87456373694737,164.92144244040682,Bad
146.67381762435718,88.00152568441038,156.90831279004496,Bad
128.13683355480302,102.31946533592954,146.46380124756715,Bad
168.1094964812327,98.04007599727804,168.53201827274924,Bad
162.73089895465358,89.6653242141513,159.3804353471469,Bad
175.46290235004523,74.87209817215447,166.61402674240588,Bad
169.1360130507726,85.9342433449546,175.97929722566096,Bad
174.54794697593871,105.42150343441574,168.7522652814408,Bad
128.70859264253352,102.35501738198842,150.838142439016,Bad
173.1023889369925,104.1030162428597,168.11721155230995,Bad
173.6935659150749,74.84018221926844,163.85897359188618,Bad
170.14439063325707,103.2795835526017,168.91430770192017,Bad
148.35310288008472,88.413351711424,160.20397338132705,Bad
136.51850740456368,99.20063281240742,155.25902404903883,Bad
140.26492448681265,99.59704406460654,154.5900986841108,Bad
141.94342017855791,105.83320785474064,162.68036750654198,Bad
172.8513144661567,72.95836708664908,167.04819882012228,Bad
143.77645795158904,104.31949623467584,164.04530608917676,Bad
143.50788166654377,89.99624133720327,155.6005155166684,Bad
156.8194588503552,87.93508878446401,181.3571612135192,Bad
167.98870925064065,85.24559664470137,179.44160626655474,Bad
146.00777558765262,106.48525881777044,168.40279627827687,Bad
170.33667455169768,104.13742593933392,169.92717065450063,Bad
177.22388178369889,74.73537602307051,166.77013024132398,Bad
167.09932397250674,84.93034713582394,174.28327597970045,Bad
174.84738976810985,73.90249529854853,165.30572699334522,Bad
146.11822543430355,104.11761821792312,162.4967431153981,Bad
161.26495505598916,85.58085555471094,177.72597542401704,Bad
161.40028677915603,88.35116105346066,160.03885425570368,Bad
144.37386006010547,105.98661085652084,162.43772725633193,Bad
179.32470992406633,105.5796113490324,176.6786528513045,Bad
154.30137876876935,103.63049936102146,167.76552073575755,Bad
144.29067746220608,104.6087581395616,164.45227915241156,Bad
171.18772665767946,105.278460324926,171.39883949679404,Bad
174.11962631338992,100.15755425198356,169.8812548495802,Bad
122.72786952643546,105.7481408328749,142.84600789649542,Bad
144.86484402395203,105.37401835515092,165.92829467654764,Bad
164.78005421182175,88.57329209031836,163.65427820419237,Bad
175.2508328214332,73.82527143348884,166.4299418357675,Bad
123.997706381761,105.01109977161532,145.4166641092798,Bad
143.06021009179702,104.99440439619782,162.92800308910944,Bad
126.06110877096386,103.7377345775314,142.612053218283,Bad
145.4882505427142,103.82480771650724,166.2668493482522,Bad
169.60193804509873,98.14409117390292,169.89957008543956,Bad
169.99588444943222,104.53483423063086,168.45177623252997,Bad
167.61194629116522,97.90053164555296,164.2378905483223,Bad
144.43172261769118,103.32215606109558,162.48785037913635,Bad
172.95534453102914,105.60852170102268,168.28672725815713,Bad
132.52956389628932,100.32832556714553,146.0455037017346,Bad
175.14330715697625,75.13261086205115,165.6760458704808,Bad
169.65183751982414,96.7141995481861,166.14206325315575,Bad
147.51422779071635,88.60348138335337,159.79318144751008,Bad
171.4573607063229,104.91172508123408,171.1486545645791,Bad
144.10835706083057,88.30076428577924,157.5810779625922,Bad
144.12686836976098,89.3972915519424,154.69317880106394,Bad
174.54440074164162,77.1677816344878,166.16212768833418,Bad
174.68610997703405,75.23718134575029,165.31055689369728,Bad
176.428374608553,74.5461449040456,164.50201801780625,Bad
135.57895830350716,98.03585122907332,152.25445582780367,Bad
168.8316454195286,84.92648555884945,174.09040078039334,Bad
172.90822974071452,76.01871581340805,167.0650418914409,Bad
174.24360689353134,73.58378911181448,166.7351240802958,Bad
173.35133122757634,75.96390344579208,163.99722106176114,Bad
147.0587934068767,89.02124555634495,158.96462990731712,Bad
175.51394079469054,75.04452635013678,165.24506046538002,Bad
120.04558386444448,102.48241834492204,141.93864668997284,Bad
177.15343555064155,108.8429880447021,174.09526798301115,Bad
178.62245497946722,75.47330870970035,168.88432288112554,Bad
174.5901115044849,74.06607895092179,165.27647618005753,Bad
179.6101784476894,106.82629409187732,177.34815103376172,Bad
163.5181069953513,85.34861987760537,176.92678684464468,Bad
180.71185036845512,108.13590167490923,175.35201652831478,Bad
172.20810967409628,75.78466354737942,166.55128966148894,Bad
173.90634911476602,73.0070774571595,164.08593073611237,Bad
171.5861996353406,74.7274214041881,166.5742118684438,Bad
130.70603517493782,101.2920941966926,150.12983536653684,Bad
122.9901311287703,104.45533645961125,144.71317557770178,Bad
173.60802745129106,72.93138885788368,165.14396926740426,Bad
146.48225533001894,106.29015928064852,163.47669734078693,Bad
170.78699502878604,73.78551774027432,163.9807835133768,Bad
181.1825008483221,104.5687644188542,175.71102719151253,Bad
124.9436505005324,103.67293281090392,144.82351091108845,Bad
134.21043420753512,99.27124386009108,151.61587216003008,Bad
137.0948229371579,99.28825573905854,150.9287276344406,Bad
130.68889847240376,99.87962909044806,148.58906639929657,Bad
135.30198650257444,98.961706704284,150.1304089267219,Bad
147.27535833862962,104.73906113440584,164.95018703055305,Bad
141.0844918615279,87.46547004520889,156.6762845217088,Bad
168.4627119139036,98.71207321861294,166.211129481983,Bad
168.16795217007711,93.11723938885974,176.18790133609355,Bad
132.58678045576264,103.01177625047852,150.95740321887615,Bad
169.36090366014977,98.6313934439671,167.821320330158,Bad
173.04701435724886,74.45855548980703,169.3933038878897,Bad
162.20682478543029,85.93555216069808,181.4585861110627,Bad
179.89494292540286,106.64362253033242,174.21824743974116,Bad
137.66086524677175,104.1827638717724,148.61904714390937,Bad
173.77649606544702,73.50043078571538,164.1597437987203,Bad
129.03687736810505,104.16355680221072,152.4674556725775,Bad
172.7352517381088,101.106542076818,166.01972927703343,Bad
144.5321187191589,105.28093459867084,163.3665385133857,Bad
174.56613720975713,74.63827336344768,166.36809669954508,Bad
171.43024587704235,99.5832654062904,169.77393922839428,Bad
172.13779217565255,74.75884311288056,166.37255804486043,Bad
179.32873619767395,106.4118322435323,174.07461417047307,Bad
122.39820821288944,104.42883233334916,142.05849482678082,Bad
164.28979818625317,96.30010598478226,167.6703585944905,Bad
175.01463538670652,75.1916393472532,166.85756106538443,Bad
135.34913444286593,102.40121786254586,151.77332531343245,Bad
181.04454427862973,105.51329608196038,176.77576992752267,Bad
136.13321937563177,100.06062874092603,151.86922015948866,Bad
171.86670625100146,75.23915892203549,166.1778597437576,Bad
122.10143753055452,101.5577467254316,144.86170261799734,Bad
143.64266770556313,98.30313222572316,153.57918342785393,Bad
174.42248969783543,100.3357894199546,171.08545771811796,Bad
146.34837497065135,87.37649964786033,155.8207604376573,Bad
170.2126414084694,103.17619215052196,169.96700940085856,Bad
177.869559008091,74.65135913419115,164.8654746214634,Bad
172.5562403719664,100.67651207808925,170.24309646972776,Bad
136.02090820751806,100.68368499068484,149.90853917893332,Bad
172.21479286113444,98.80443331354724,166.13996302989304,Bad
171.78616065212526,103.87853565358708,172.114174928864,Bad
173.35991498464028,73.58305087698636,168.37406684328323,Bad
169.98606364606658,105.22016081346491,170.4070999558453,Bad
164.15984333403316,85.56166580213063,176.1733189466858,Bad
174.42157588336735,73.81245030574422,166.14862676961403,Bad
175.59988640413462,74.54580371519893,167.41023597956476,Bad
157.75605068056385,88.08336843239877,179.4343961657594,Bad
166.13213976668231,89.50484724964737,161.782821631289,Bad
123.07359932526956,105.12139697299293,140.98228257866646,Bad
161.08808683018378,84.68096812010337,179.73483458390885,Bad
174.18910394212358,105.79885419724212,168.45632965292123,Bad
163.98556269201526,86.81347412425994,174.05708338531545,Bad
169.8107030555422,104.1923167576227,172.54001865684324,Bad
131.29392085844887,104.46082148938706,150.43322370752,Bad
173.35334452507516,75.00288576190495,165.6143203433284,Bad
147.51471475689414,107.64009931772506,164.00252589089976,Bad
171.58142073467263,98.240429624603,169.76254513541735,Bad
172.06588514488718,76.03935388368494,164.12046491764394,Bad
147.3510593390323,105.7036958203871,164.6444140208697,Bad
122.32279030948528,104.5954359588488,143.15104784444063,Bad
175.17125176237863,74.09825509384497,162.44963394527278,Bad
171.45410619794797,75.29849530254728,166.80237179171525,Bad
149.05913397665134,104.26367485557154,164.62422123626254,Bad
132.81695818498096,101.16548647142518,147.2417173723568,Bad
147.76830410823325,105.45253583158885,165.4903924197803,Bad
121.29082224533032,104.5881982084446,141.1713137420377,Bad
171.25059672444527,103.97432449438844,169.65218305688086,Bad
172.95794040225636,74.43661805049881,166.28504720279489,Bad
173.9607152848341,75.28932655889696,168.013368341501,Bad
121.44217688020356,105.18884806257164,140.76588820329115,Bad
177.3162922072784,105.07040225283303,172.0704609823414,Bad
182.4989521640108,107.7302013419813,176.5373045809258,Bad
120.73307137447544,104.54873704034982,142.33775728886914,Bad
175.11010573298609,75.13065129724308,170.1722157766847,Bad
147.06379512057782,105.89801405594564,165.68739921998187,Bad
174.74108166462614,73.35869649907775,168.65000364048785,Bad
169.87827350323178,104.719793436798,168.28447682920145,Bad
181.2525583129792,108.10500966908086,175.88202162037538,Bad
173.3262577277809,76.25401443156974,165.108806599689,Bad
171.82998690968225,98.53687280286186,170.4104318867966,Bad
178.50956096375177,107.22345978490053,175.68212953514023,Bad
174.2730031254059,105.38594183647984,171.07648246793,Bad
146.29045781180596,105.7677266361844,163.47405940771958,Bad
174.57519717869943,74.50123106534328,165.3464702207655,Bad
168.85247239382596,96.27251925426872,162.44127812435582,Bad
175.2466863458207,74.35243480801539,167.45155905673113,Bad
162.84755580477025,86.67684586482522,176.64332123655262,Bad
168.82433440007316,99.22686194326047,167.8644889019906,Bad
163.680380540646,95.1732736834134,165.79344956209908,Bad
146.17580763560727,106.08441463513344,165.79548826663864,Bad
177.80085259432343,108.08801915121222,178.84160841653144,Bad
163.7887914474864,85.80161012440472,183.0494456666222,Bad
173.9355479122243,76.29662591773037,166.01814087798567,Bad
174.42405362273144,73.70756038171913,164.89554788201477,Bad
138.03734052206156,101.32572284801718,152.36694787962134,Bad
123.41586198985009,103.99838666157596,144.11434235639885,Bad
170.71359802461805,98.70723804483,169.0868434490567,Bad
164.2245604995388,94.64506512288902,164.55008291736877,Bad
143.32846274033906,105.55609074290189,163.40348280379217,Bad
171.93882054928346,75.98095426136918,165.54957767910523,Bad
148.0975460478171,104.07355838681944,166.87364958619978,Bad
123.35038977151696,105.22195095785656,142.60082056356123,Bad
174.28645696950096,75.09834602505947,165.4686569390398,Bad
173.77052168939088,74.44213439201056,168.1726577199509,Bad
172.95642443365816,76.83214044297758,165.80877517280018,Bad
138.70269751915066,102.03215086997204,154.63834279364622,Bad
179.36488306467223,78.5422208666128,177.8762768604769,Bad
172.3340303148014,74.16375050729638,167.6334881044926,Bad
146.43140901786384,103.437098447912,161.4810454284683,Bad
128.37502489028915,102.2811889227738,149.7143889681819,Bad
129.32677212518772,103.48578202867728,144.7737945104984,Bad
161.9075896706682,87.89282483530683,160.49080610518138,Bad
173.42118660674203,75.49676467722266,165.5940265707526,Bad
142.94204650895293,90.00864576529021,158.31024232331626,Bad
139.0671880038058,88.60702960591951,152.39104504079236,Bad
146.7352943583107,105.97732548802588,165.1459354583901,Bad
174.6028018821113,74.76469023586418,167.5542021461399,Bad
123.72165397328882,104.11028289474574,144.34867254205366,Bad
130.11935843189474,103.0109652227938,149.0267357589769,Bad
147.98821126398173,106.18018284607136,162.6032008384363,Bad
148.7060083109502,88.49177679923906,159.0693090063991,Bad
173.85244621947473,74.57056743362739,165.41016796795975,Bad
171.54686036507658,100.54224445287126,172.39444735305247,Bad
174.05051899604814,74.92837286997049,167.07031854423929,Bad
168.99090004846295,105.84455295082756,170.69616065299647,Bad
174.6452179092689,101.171478563625,170.16262832347684,Bad
178.40354920521227,108.565055346112,175.13310221848718,Bad
123.67522802920637,98.53194046167856,141.3662461723152,Bad
159.75394701124625,91.29916468835678,172.92833877208776,Bad
135.88397021703125,88.11569215267829,152.9128855941741,Bad
159.1165588664814,86.26526209014078,179.25104660771785,Bad
172.45695517126927,74.98895021123171,165.0921746815801,Bad
171.81615073464957,75.65952634502176,165.7949589325854,Bad
172.5336366738731,75.9661494317354,164.97294926527553,Bad
169.62978897708447,97.9198717882466,166.99994484716115,Bad
167.995870768913,99.50328699531872,164.71389219268522,Bad
161.1269390028136,84.43202991709991,177.0923057730491,Bad
173.53855353178622,106.09715132514896,169.39141759800577,Bad
160.29430259967756,85.54610949767233,174.5638057645221,Bad
173.1752152951749,73.23631427293816,164.5992647607003,Bad
171.99634353876866,76.45933347279346,165.768804742553,Bad
146.79024939248845,104.90876542818611,164.24337235322704,Bad
128.3201712680262,101.2218237276017,148.20721714300635,Bad
171.13016684873668,99.22217013528352,166.33311424227787,Bad
167.3426241439456,103.52962200751274,168.6304146187111,Bad
169.02269582976157,88.98070405594711,160.85853659990534,Bad
161.98674162757908,89.96153566790117,159.910081214204,Bad
125.70119136457696,98.84075138672604,149.53693838648985,Bad
174.64778319246165,74.96587730729402,166.03562183626065,Bad
167.49998731652752,86.01227513463097,176.01520578205168,Bad
144.52711798806772,106.940908316465,164.9989032854868,Bad
177.5054718160092,107.94448201719366,173.21365358986228,Bad
145.05575022000744,105.91497048144493,163.37643799928523,Bad
160.28,89.77,173.02,Good
158.78,90.0,172.23,Good
159.08,90.0,171.74,Good
163.24,90.0,173.35,Good
149.42,92.8,164.15,Good
155.18,93.21,166.87,Good
158.2,93.72,167.67,Good
150.21,92.83,166.64,Good
150.79,92.59,167.23,Good
156.29,98.13,167.89,Good
146.31,98.91,163.16,Good
149.04,98.67,163.18,Good
149.16,98.31,163.02,Good
157.7,98.37,166.08,Good
161.69,98.47,167.77,Good
165.66,98.89,169.14,Good
169.16,99.29,169.88,Good
167.01,98.93,169.23,Good
158.33,99.04,167.31,Good
159.17,102.55,165.34,Good
166.31,99.08,168.78,Good
166.52,98.89,168.73,Good
164.94,99.12,168.3,Good
165.34,99.12,168.26,Good
165.48,99.08,168.0,Good
165.61,99.12,167.52,Good
161.66,99.15,166.23,Good
160.82,98.92,165.96,Good
155.58,99.23,164.27,Good
154.56,99.31,162.59,Good
155.32,99.34,162.39,Good
154.2,99.66,161.91,Good
153.82,99.54,161.42,Good
148.66,99.58,159.96,Good
150.46,99.87,160.04,Good
150.43,99.91,159.62,Good
151.83,100.19,159.57,Good
154.49,100.11,159.39,Good
153.79,100.06,158.99,Good
153.55,100.06,159.19,Good
152.96,99.82,159.32,Good
152.5,99.82,159.52,Good
151.61,99.82,159.54,Good
150.19,99.7,158.99,Good
149.29,99.34,158.95,Good
149.29,99.54,159.3,Good
149.36,99.54,159.84,Good
149.5,99.42,160.43,Good
152.63,99.19,162.58,Good
153.43,98.96,163.14,Good
156.31,98.92,164.59,Good
155.08,98.78,164.82,Good
154.38,98.33,164.35,Good
155.93,98.03,166.49,Good
159.24,98.03,167.54,Good
162.92,97.32,170.16,Good
162.04,97.1,169.79,Good
163.75,97.1,170.44,Good
167.42,96.68,171.93,Good
173.26,96.63,174.62,Good
172.16,96.15,174.66,Good
167.91,95.71,174.11,Good
170.3,95.23,174.33,Good
169.46,95.04,174.51,Good
168.45,95.02,174.49,Good
170.67,94.62,176.03,Good
170.37,94.38,176.28,Good
170.5,94.16,176.53,Good
171.56,93.51,177.36,Good
173.58,93.51,177.98,Good
172.96,93.3,177.57,Good
173.07,93.3,178.0,Good
172.99,93.09,178.22,Good
172.99,93.09,178.42,Good
172.9,92.87,178.22,Good
172.82,93.09,178.4,Good
173.56,93.08,178.41,Good
174.47,93.08,178.81,Good
174.45,93.3,179.21,Good
174.68,93.29,179.21,Good
174.68,93.29,179.21,Good
174.95,93.28,179.41,Good
175.26,93.26,179.61,Good
175.26,93.26,179.61,Good
175.03,93.28,179.8,Good
175.44,93.28,180.0,Good
175.01,93.06,180.0,Good
174.47,93.08,179.81,Good
174.47,93.08,179.81,Good
174.24,93.07,179.81,Good
174.72,92.85,179.81,Good
175.24,93.07,180.0,Good
175.07,92.84,179.81,Good
174.94,92.61,180.0,Good
174.96,92.4,179.81,Good
174.66,92.4,180.0,Good
174.72,91.52,179.62,Good
173.81,91.52,180.0,Good
173.56,91.31,180.0,Good
172.76,90.88,180.0,Good
172.17,90.44,179.61,Good
172.17,90.44,179.61,Good
171.94,90.0,179.42,Good
153.99,96.08,159.68,Good
154.0,97.88,158.03,Good
146.48,98.71,155.45,Good
145.64,99.18,154.97,Good
140.27,100.32,150.93,Good
138.01,100.58,150.28,Good
136.02,100.75,149.41,Good
129.94,101.01,147.56,Good
127.86,100.84,146.86,Good
125.66,101.09,145.5,Good
125.78,101.14,144.95,Good
125.95,101.35,144.55,Good
125.61,101.35,144.11,Good
125.95,101.35,144.15,Good
126.54,101.79,144.15,Good
126.95,102.0,144.5,Good
127.08,101.96,144.95,Good
127.12,101.7,144.8,Good
127.91,101.65,145.05,Good
128.37,101.61,145.35,Good
129.99,101.65,146.06,Good
130.83,101.4,146.26,Good
132.17,101.18,147.33,Good
135.47,101.18,148.84,Good
136.9,101.14,149.68,Good
140.46,101.22,151.91,Good
143.71,100.67,154.8,Good
149.16,100.25,157.48,Good
149.48,99.64,157.77,Good
153.65,99.72,159.35,Good
164.58,98.81,165.87,Good
164.45,97.82,167.47,Good
167.28,97.31,170.47,Good
170.34,96.22,171.45,Good
171.84,95.8,172.83,Good
174.22,95.37,174.63,Good
174.12,95.37,175.39,Good
177.3,95.39,176.03,Good
176.17,94.71,176.42,Good
177.94,94.3,177.58,Good
179.47,93.87,178.39,Good
177.58,93.67,178.58,Good
175.97,93.24,178.17,Good
176.71,92.84,179.18,Good
178.38,92.62,179.18,Good
175.72,92.15,178.78,Good
177.07,91.95,179.8,Good
177.15,91.96,179.19,Good
178.22,91.97,179.8,Good
178.14,91.97,179.59,Good
178.39,91.98,179.79,Good
179.19,91.97,178.56,Good
180.0,91.97,177.97,Good
175.71,91.31,177.33,Good
173.74,91.53,176.58,Good
169.48,91.53,174.86,Good
171.54,90.87,175.53,Good
171.31,91.09,175.3,Good
171.16,90.87,175.12,Good
171.46,90.66,175.3,Good
173.63,89.78,175.66,Good
173.08,90.43,175.66,Good
176.48,90.21,176.98,Good
176.58,90.83,177.13,Good
173.52,91.43,176.32,Good
177.37,90.81,177.87,Good
175.8,90.2,179.58,Good
176.36,90.59,178.73,Good
178.26,91.39,179.57,Good
177.95,92.35,179.36,Good
179.65,91.92,178.93,Good
179.64,91.72,178.71,Good
178.91,92.11,178.48,Good
179.27,92.28,178.24,Good
178.88,92.65,177.14,Good
174.29,93.1,176.3,Good
174.85,93.37,176.85,Good
175.42,92.99,176.85,Good
178.16,93.45,177.56,Good
177.52,89.14,179.43,Good
171.57,82.87,171.68,Good
171.3,83.34,171.87,Good
171.3,83.34,171.68,Good
170.16,83.66,171.51,Good
168.65,83.68,171.38,Good
166.77,83.88,172.28,Good
165.16,83.92,171.95,Good
166.37,83.97,172.13,Good
168.01,84.14,171.9,Good
164.44,85.0,170.1,Good
163.87,85.85,169.78,Good
162.59,85.68,169.51,Good
161.22,86.52,168.91,Good
159.16,87.18,168.09,Good
162.22,87.42,168.8,Good
159.93,88.7,168.18,Good
162.56,88.49,169.09,Good
161.97,89.13,170.17,Good
167.68,89.14,174.79,Good
174.18,89.14,177.05,Good
173.79,89.79,178.06,Good
174.32,90.21,179.34,Good
174.32,90.21,179.34,Good
174.26,90.21,179.12,Good
173.83,90.21,179.12,Good
173.22,90.21,178.89,Good
172.61,90.21,178.89,Good
172.57,90.0,178.67,Good
173.14,90.21,178.67,Good
173.45,90.21,178.46,Good
173.35,90.42,178.68,Good
173.59,90.42,178.89,Good
174.54,90.42,179.12,Good
175.87,90.42,179.12,Good
175.89,90.63,179.12,Good
175.26,90.63,178.9,Good
175.53,90.63,179.12,Good
174.83,90.63,179.11,Good
174.78,90.63,178.89,Good
174.45,90.63,178.66,Good
174.45,90.63,178.44,Good
174.42,90.83,178.43,Good
174.39,90.63,178.44,Good
174.72,90.62,178.66,Good
174.75,90.42,178.67,Good
175.07,90.42,179.11,Good
175.07,90.42,179.11,Good
175.04,90.21,179.11,Good
175.7,90.21,179.33,Good
175.73,90.0,179.32,Good
176.05,90.0,179.55,Good
176.05,90.0,179.55,Good
176.1,90.0,179.55,Good
175.7,90.21,179.32,Good
175.68,90.0,179.55,Good
175.7,90.21,179.55,Good
175.96,90.0,179.54,Good
176.65,90.21,179.55,Good
176.57,90.21,179.54,Good
176.88,90.21,179.77,Good
178.94,90.0,180.0,Good
179.65,90.0,180.0,Good
178.23,90.0,179.54,Good
177.16,89.79,179.08,Good
177.16,89.79,179.08,Good
177.16,89.79,179.08,Good
177.12,89.79,179.08,Good
158.0,90.95,169.98,Bad
160.13,90.93,170.35,Bad
176.37,78.58,175.76,Bad
173.27,78.97,178.37,Bad
162.22,81.7,176.7,Bad
162.29,83.82,175.08,Bad
159.19,85.87,173.74,Bad
157.77,85.87,174.02,Bad
162.58,85.85,175.97,Bad
162.56,85.58,175.77,Bad
162.39,85.58,175.75,Bad
162.39,85.58,176.0,Bad
162.39,85.58,176.25,Bad
162.1,84.75,176.27,Bad
161.93,84.75,176.27,Bad
170.33,85.67,175.55,Bad
171.87,85.67,173.77,Bad
171.29,86.63,173.96,Bad
168.92,87.65,176.01,Bad
169.0,87.18,175.7,Bad
168.61,86.28,175.7,Bad
167.82,86.77,175.99,Bad
168.3,86.28,175.32,Bad
166.55,86.28,176.28,Bad
166.46,85.82,176.61,Bad
165.38,85.31,177.29,Bad
163.68,85.2,178.66,Bad
162.18,85.11,178.66,Bad
161.44,85.11,178.66,Bad
162.93,85.11,178.33,Bad
163.3,85.16,178.33,Bad
164.22,85.2,177.66,Bad
163.3,84.14,177.92,Bad
162.5,84.14,178.61,Bad
162.8,85.11,178.26,Bad
164.59,85.6,177.92,Bad
164.17,85.64,177.56,Bad
165.23,85.64,177.93,Bad
164.71,86.15,178.26,Bad
165.01,85.71,177.93,Bad
165.45,85.71,177.95,Bad
165.56,85.24,177.97,Bad
165.66,85.71,177.98,Bad
165.45,84.67,177.94,Bad
166.31,77.86,179.38,Bad
166.97,83.21,176.59,Bad
160.35,87.3,179.58,Bad
159.19,88.18,179.58,Bad
167.64,91.37,177.95,Bad
166.36,90.46,178.79,Bad
166.34,90.45,178.81,Bad
158.28,91.89,176.13,Bad
175.05,73.09,165.81,Bad
173.11,72.54,165.58,Bad
173.07,72.96,165.11,Bad
172.25,73.39,164.8,Bad
171.7,72.83,164.49,Bad
172.53,72.41,164.72,Bad
173.53,74.78,165.27,Bad
173.53,74.78,165.27,Bad
173.58,74.36,165.35,Bad
173.58,74.36,165.35,Bad
173.53,74.78,165.27,Bad
173.95,75.1,165.5,Bad
173.53,74.55,165.19,Bad
173.53,74.55,165.42,Bad
173.91,74.43,165.73,Bad
174.67,74.43,165.73,Bad
174.7,73.99,166.12,Bad
175.46,73.99,166.12,Bad
175.08,73.87,165.73,Bad
175.11,74.31,166.12,Bad
175.11,74.31,166.04,Bad
175.05,74.31,166.35,Bad
175.05,74.31,166.28,Bad
175.05,74.31,166.28,Bad
175.05,74.31,166.28,Bad
175.01,73.87,165.88,Bad
174.63,73.74,166.2,Bad
175.05,74.31,166.28,Bad
175.05,74.31,166.28,Bad
175.05,74.31,166.28,Bad
175.05,74.31,166.28,Bad
175.05,74.31,166.28,Bad
175.46,74.86,166.67,Bad
175.4,74.86,166.35,Bad
174.7,75.74,166.35,Bad
174.7,75.74,166.04,Bad
173.99,75.3,166.12,Bad
173.99,75.3,166.12,Bad
173.95,75.74,166.04,Bad
174.33,75.63,166.35,Bad
174.33,75.63,166.35,Bad
174.7,75.52,166.35,Bad
174.67,75.07,166.28,Bad
174.29,74.95,165.96,Bad
174.63,74.38,166.2,Bad
174.63,74.38,166.28,Bad
174.63,74.38,166.28,Bad
174.63,74.38,166.04,Bad
174.63,74.38,166.04,Bad
174.63,74.38,166.04,Bad
174.63,74.38,166.04,Bad
174.63,74.38,166.04,Bad
174.63,74.38,166.04,Bad
174.63,74.38,166.04,Bad
175.01,74.25,166.35,Bad
175.01,74.25,166.35,Bad
175.01,74.25,166.35,Bad
175.01,74.25,166.35,Bad
175.05,73.8,166.43,Bad
175.05,73.8,166.43,Bad
174.67,73.93,166.12,Bad
174.67,73.93,166.04,Bad
173.95,74.38,166.12,Bad
173.95,74.38,166.12,Bad
173.95,74.38,166.12,Bad
172.83,74.5,165.81,Bad
172.73,74.5,165.81,Bad
172.83,74.5,165.89,Bad
172.83,74.5,165.89,Bad
172.08,74.5,165.89,Bad
171.71,74.62,165.27,Bad
171.76,74.18,165.35,Bad
171.76,74.18,165.51,Bad
171.76,74.18,165.51,Bad
172.5,74.18,165.81,Bad
172.5,74.18,165.81,Bad
172.6,74.18,165.81,Bad
172.55,73.74,165.74,Bad
173.25,73.3,166.04,Bad
173.2,72.86,166.27,Bad
173.16,73.3,166.2,Bad
173.16,73.3,166.2,Bad
172.83,73.61,165.96,Bad
172.46,73.74,165.66,Bad
172.78,74.31,165.89,Bad
172.78,74.31,165.89,Bad
172.78,74.31,165.89,Bad
172.78,74.31,165.89,Bad
172.78,74.31,165.89,Bad
172.78,74.31,165.89,Bad
172.78,74.31,165.89,Bad
173.07,74.43,165.89,Bad
173.07,74.43,165.89,Bad
173.07,74.43,165.58,Bad
173.45,74.31,165.89,Bad
173.53,74.31,165.96,Bad
173.49,73.87,165.89,Bad
173.49,73.87,165.89,Bad
173.49,73.87,165.89,Bad
173.49,73.87,165.89,Bad
173.49,73.87,165.89,Bad
173.45,74.31,165.89,Bad
173.53,74.31,165.89,Bad
173.16,74.43,165.66,Bad
173.16,74.43,165.66,Bad
173.11,74.86,165.58,Bad
173.2,74.86,165.58,Bad
173.2,74.86,165.58,Bad
173.2,74.86,165.66,Bad
173.95,74.86,165.66,Bad
173.91,74.43,165.58,Bad
173.91,74.43,165.58,Bad
173.53,74.31,165.27,Bad
173.53,74.31,164.97,Bad
173.58,74.74,165.35,Bad
173.58,74.74,165.35,Bad
173.58,74.74,165.27,Bad
173.58,74.74,165.27,Bad
173.2,74.62,164.97,Bad
172.41,75.07,164.88,Bad
172.41,75.07,164.88,Bad
172.78,75.19,165.19,Bad
172.83,75.63,165.27,Bad
172.87,76.08,165.35,Bad
172.87,76.08,165.05,Bad
172.87,76.08,165.05,Bad
172.87,76.08,165.05,Bad
172.87,76.08,164.97,Bad
172.13,76.08,164.97,Bad
172.03,76.08,164.97,Bad
172.08,76.52,165.05,Bad
171.34,76.52,165.05,Bad
170.91,76.18,164.66,Bad
170.91,76.18,164.74,Bad
170.91,76.18,164.74,Bad
170.91,76.18,164.74,Bad
171.66,76.18,164.58,Bad
171.98,75.85,164.8,Bad
123.02,104.46,140.69,Bad
142.9,97.67,156.0,Bad
143.13,98.08,155.97,Bad
142.0,99.71,154.49,Bad
141.45,99.71,154.49,Bad
140.37,99.83,153.29,Bad
138.01,99.71,152.23,Bad
136.3,99.34,151.42,Bad
135.54,98.86,151.5,Bad
133.74,99.34,151.39,Bad
133.74,99.34,151.7,Bad
130.82,100.86,148.92,Bad
132.3,101.31,149.43,Bad
136.34,102.23,150.82,Bad
136.33,102.7,150.98,Bad
134.57,103.74,148.93,Bad
135.43,103.74,150.02,Bad
135.44,103.24,150.69,Bad
137.25,102.09,152.12,Bad
141.29,100.01,155.58,Bad
139.8,100.87,154.78,Bad
139.14,100.51,154.64,Bad
137.96,100.44,153.89,Bad
137.49,100.44,153.74,Bad
136.71,100.94,152.69,Bad
136.42,101.61,152.26,Bad
136.39,101.31,151.81,Bad
133.05,102.53,148.5,Bad
131.16,102.3,147.53,Bad
130.22,102.9,146.82,Bad
127.85,102.39,146.22,Bad
127.63,102.39,146.4,Bad
127.06,102.67,145.87,Bad
125.96,102.86,144.39,Bad
120.96,97.28,142.79,Bad
124.8,99.39,145.12,Bad
123.6,100.11,144.24,Bad
122.68,100.87,142.62,Bad
121.75,101.4,142.62,Bad
118.45,101.04,141.08,Bad
119.46,102.48,141.7,Bad
119.62,103.16,142.03,Bad
120.58,103.59,141.9,Bad
121.23,104.15,141.54,Bad
122.04,104.37,142.37,Bad
123.16,104.25,143.97,Bad
122.74,104.68,144.09,Bad
123.0,105.1,144.28,Bad
122.66,105.1,144.02,Bad
122.39,102.35,145.2,Bad
121.84,103.31,143.52,Bad
121.94,103.63,143.97,Bad
122.14,103.63,143.9,Bad
122.59,104.04,144.02,Bad
123.26,103.83,145.24,Bad
122.75,104.35,143.95,Bad
123.01,105.22,144.21,Bad
122.68,105.45,143.76,Bad
121.94,106.52,142.82,Bad
121.55,104.48,143.33,Bad
